,id,target,ps_ind_01,ps_ind_02_cat,ps_ind_03,ps_ind_04_cat,ps_ind_05_cat,ps_ind_06_bin,ps_ind_07_bin,ps_ind_08_bin,ps_ind_09_bin,ps_ind_10_bin,ps_ind_11_bin,ps_ind_12_bin,ps_ind_13_bin,ps_ind_14,ps_ind_15,ps_ind_16_bin,ps_ind_17_bin,ps_ind_18_bin,ps_reg_01,ps_reg_02,ps_reg_03,ps_car_01_cat,ps_car_02_cat,ps_car_03_cat,ps_car_04_cat,ps_car_05_cat,ps_car_06_cat,ps_car_07_cat,ps_car_08_cat,ps_car_09_cat,ps_car_10_cat,ps_car_11_cat,ps_car_11,ps_car_12,ps_car_13,ps_car_14,ps_car_15,ps_calc_01,ps_calc_02,ps_calc_03,ps_calc_04,ps_calc_05,ps_calc_06,ps_calc_07,ps_calc_08,ps_calc_09,ps_calc_10,ps_calc_11,ps_calc_12,ps_calc_13,ps_calc_14,ps_calc_15_bin,ps_calc_16_bin,ps_calc_17_bin,ps_calc_18_bin,ps_calc_19_bin,ps_calc_20_bin
0,20508,0,1,1,2,1,0,1,0,0,0,0,0,0,0,0,8,1,0,0,0.4,0.9,0.7854139036,7,1,-1,0,0,15,1,1,2,1,87,3,0.316227766,0.9109866597,0.5329165038,3.6055512755,0.1,0.4,0.3,2,4,9,2,10,4,6,5,0,3,3,0,1,0,0,0,0
1,328282,0,1,1,5,1,0,1,0,0,0,0,0,0,0,0,12,1,0,0,0.7,0.6,-1.0,10,0,-1,8,1,1,-1,1,2,1,85,3,0.4,0.6751032979,0.4,3.4641016151,0.3,0.7,0.0,2,2,8,2,10,0,8,11,2,5,6,0,1,1,0,0,0
2,694055,0,4,1,3,1,0,0,0,0,0,0,0,0,0,1,4,0,0,1,0.6,0.1,0.6254998002,11,1,0,0,0,0,1,1,2,1,42,3,0.316227766,0.9594032236,0.450555213,3.6055512755,0.5,0.8,0.1,3,2,7,2,7,2,4,3,2,3,7,0,1,1,0,0,1
3,310315,0,0,1,5,1,0,1,0,0,0,0,0,1,0,0,5,1,0,0,0.6,0.0,0.7185053932,4,1,1,0,1,1,1,1,2,1,104,3,0.5916079783,0.5447343731,0.3619392214,3.4641016151,0.7,0.2,0.9,3,3,7,5,9,4,5,3,1,1,6,0,1,1,0,0,1
4,254421,0,2,1,3,1,0,1,1,0,0,0,0,0,0,0,5,1,0,0,0.7,0.5,0.5528336097,10,1,1,0,0,0,1,1,2,1,104,3,0.4,0.7130136252,0.3619392214,3.6055512755,0.5,0.3,0.7,2,1,7,3,6,3,11,7,0,10,10,0,1,0,1,0,0
5,1466696,0,0,1,2,0,0,1,0,0,0,0,0,0,0,0,6,1,0,0,0.9,1.2,1.1263880326,11,1,-1,0,-1,0,0,1,2,1,62,3,0.3160696126,0.617613375,0.3687817783,2.8284271247,0.9,0.3,0.0,2,0,5,6,8,3,3,5,0,5,4,0,0,1,0,1,0
6,334674,0,7,1,2,1,6,1,0,0,0,0,0,0,0,0,8,1,0,0,0.9,0.2,-1.0,4,1,-1,0,-1,11,1,1,0,1,91,3,0.4,0.7400301535,0.3687817783,2.6457513111,0.4,0.2,0.2,2,3,7,2,10,2,6,7,1,3,6,0,1,0,0,0,1
7,453995,0,5,1,5,1,0,1,1,0,0,0,0,0,0,0,0,1,0,0,0.5,0.2,-1.0,7,1,-1,8,1,1,0,1,2,1,42,1,0.4242640687,0.8435590923,0.3845776905,1.0,0.4,0.0,0.6,1,2,8,2,11,3,11,1,2,5,6,0,1,1,0,0,0
8,411757,0,5,2,2,0,4,1,0,0,0,0,0,0,0,0,10,0,0,0,0.6,0.0,-1.0,7,1,1,0,0,0,1,1,2,1,13,2,0.316227766,0.7166554551,0.4219004622,3.6055512755,0.0,0.8,0.2,2,2,5,2,7,3,7,4,3,2,12,0,0,0,1,1,1
9,1344719,0,3,1,6,0,-1,0,0,0,0,0,0,0,0,0,5,1,0,0,0.4,0.2,-1.0,11,1,-1,0,-1,10,1,1,2,1,50,2,0.4,1.4467904062,0.3788139385,2.2360679775,0.2,0.8,0.3,2,2,7,5,9,0,5,7,2,1,8,0,0,0,0,0,0
10,851904,0,0,1,2,0,0,1,1,0,0,0,0,0,0,0,4,0,0,0,0.8,0.6,1.4040121082,11,1,0,0,-1,14,1,1,2,1,64,3,0.316227766,0.8999770429,-1.0,3.4641016151,0.2,0.3,0.7,1,2,8,1,7,2,6,3,3,4,9,0,1,0,0,0,0
11,992547,0,0,1,8,1,0,0,0,0,0,0,0,0,0,0,0,0,1,1,0.9,0.3,0.651440711,6,1,0,0,0,1,1,1,2,1,100,3,0.3741657387,0.881279123,-1.0,3.4641016151,0.3,0.0,0.1,2,3,7,3,10,2,4,4,3,2,9,1,1,1,0,1,0
12,1071426,0,7,2,0,0,0,1,0,1,1,0,0,0,0,0,0,1,0,0,0.9,0.4,1.2519984026,7,1,-1,0,-1,16,1,1,2,1,80,1,0.4242640687,0.446288644,0.5213444159,2.0,0.9,0.8,0.8,2,3,8,3,9,2,13,5,2,4,10,0,1,1,0,0,0
13,179116,0,0,3,4,1,0,1,0,0,0,0,0,0,0,0,10,0,0,0,0.6,0.7,1.109898644,11,0,-1,0,-1,1,1,1,2,1,104,3,0.3741657387,0.8756343627,0.4048456496,2.8284271247,0.7,0.8,0.3,2,3,6,1,8,4,7,4,2,3,8,0,0,0,0,0,0
14,864304,0,1,2,5,0,0,1,0,0,0,0,0,0,0,0,6,0,0,0,0.2,0.7,1.1707369474,10,1,-1,0,0,0,1,1,2,1,104,2,0.316227766,0.7515136241,0.3794733192,0.0,0.5,0.0,0.1,1,0,7,1,10,3,10,4,0,4,8,0,1,1,0,0,0
15,97693,0,0,2,3,1,0,0,0,0,0,0,0,0,0,0,12,0,0,0,0.0,0.3,0.8699856321,11,1,-1,0,-1,11,1,0,2,1,103,2,0.4,0.7658112967,0.3498571137,3.7416573868,0.4,0.0,0.0,2,2,10,2,12,3,12,5,1,3,8,0,1,1,1,0,0
16,437139,0,6,1,10,0,0,1,1,1,0,0,0,0,0,0,13,1,1,0,0.8,0.2,0.9559027147,11,1,-1,0,-1,0,1,1,2,1,66,1,0.316227766,0.7537783614,0.4084115571,0.0,0.1,0.5,0.2,1,2,8,4,9,4,11,7,3,3,8,0,1,1,1,1,0
17,100154,0,0,2,1,0,0,0,1,1,1,0,0,0,0,0,9,1,0,1,0.3,0.0,0.8433563897,11,1,0,0,-1,13,1,0,0,1,90,2,0.3998749805,0.6580085156,0.3788139385,3.7416573868,0.5,0.2,0.0,2,2,9,3,10,2,5,3,1,4,13,0,0,0,0,1,1
18,829074,0,1,1,8,1,0,0,0,0,0,0,0,0,0,0,0,1,1,0,0.9,0.4,0.7017834424,4,1,-1,0,-1,2,1,1,2,1,44,0,0.316227766,0.9541774182,0.4306971093,3.6055512755,0.7,0.4,0.8,4,1,9,3,8,3,6,4,2,4,11,0,0,1,0,0,0
19,689969,0,1,2,2,0,0,1,0,0,0,0,0,0,0,0,1,0,0,0,0.9,0.2,-1.0,10,1,-1,0,1,0,1,1,3,1,87,0,0.4,0.8822515336,0.3687817783,3.4641016151,0.7,0.4,0.6,1,1,9,1,8,4,8,5,0,2,6,0,0,1,0,0,0
20,926000,0,4,1,9,0,0,1,0,0,0,0,0,0,0,0,7,1,0,0,0.4,0.5,1.4267533073,11,1,1,0,1,15,1,1,0,1,12,3,0.4242640687,1.0310970648,0.3794733192,3.6055512755,0.9,0.7,0.7,2,3,8,4,9,1,4,9,3,0,6,0,1,0,1,0,1
21,1467723,0,1,1,6,1,4,1,0,0,0,0,0,0,0,0,10,1,0,0,0.0,0.9,-1.0,11,0,-1,0,1,14,1,1,2,1,103,2,0.4472135955,0.7577560392,-1.0,3.1622776602,0.4,0.3,0.6,3,3,8,2,10,4,13,5,2,3,5,0,1,0,0,0,0
22,1411124,0,3,1,5,0,0,0,0,1,0,0,0,0,0,0,12,1,0,0,0.4,0.3,0.7433034374,11,0,-1,0,1,7,1,0,1,1,51,3,0.316227766,0.6764638244,-1.0,3.6055512755,0.2,0.5,0.2,5,2,5,3,7,3,13,5,2,2,8,0,1,1,0,1,0
23,463390,0,1,1,4,1,0,0,0,0,0,0,0,0,0,0,7,0,0,0,0.1,1.3,0.5820223363,11,1,-1,0,-1,13,1,0,0,1,64,2,0.316227766,0.6272727273,0.3583294573,3.3166247904,0.3,0.9,0.2,4,1,8,4,7,0,10,5,1,1,6,0,1,1,0,1,0
24,819554,0,0,1,5,1,0,1,0,1,1,0,0,0,0,0,0,1,0,0,0.9,0.4,0.5717298313,11,1,-1,0,-1,11,1,1,2,1,102,3,0.4,0.4500229563,0.3728270376,3.6055512755,0.9,0.2,0.2,2,1,9,2,10,0,10,11,1,2,12,0,0,1,0,0,0
25,99380,1,3,1,2,0,0,1,0,1,0,0,0,0,0,0,8,0,0,0,0.8,0.2,0.672216483,9,1,-1,0,-1,11,1,0,2,1,60,3,0.3997499218,0.7321004537,0.3814446225,2.8284271247,0.3,0.9,0.4,3,3,8,3,8,4,14,4,1,4,10,0,0,1,1,0,0
26,105193,0,1,1,1,0,0,0,0,0,1,0,0,0,0,0,5,1,0,0,0.9,0.3,1.0677078252,7,0,-1,0,0,15,1,1,2,1,41,3,0.316227766,0.8710447797,0.4347413024,3.7416573868,0.5,0.5,0.6,1,2,8,3,10,1,10,5,1,4,5,0,0,1,0,0,0
27,760889,0,3,2,2,1,0,0,0,1,0,0,0,0,0,0,12,0,0,0,0.9,0.4,1.3280624985,5,1,1,0,-1,17,1,1,2,1,65,0,0.4,0.5016501695,0.3257299495,3.6055512755,0.9,0.4,0.8,1,2,6,4,10,3,6,5,0,0,4,1,1,1,0,0,0
28,991008,0,1,2,1,1,0,1,1,1,0,0,0,0,0,0,6,0,0,0,0.4,0.2,-1.0,11,0,-1,0,-1,0,1,1,2,1,96,3,0.316227766,0.7151691703,-1.0,3.6055512755,0.6,0.2,0.9,2,1,6,0,10,4,12,2,4,2,13,0,0,0,0,0,1
29,242594,0,1,2,10,0,0,0,0,0,0,0,0,0,0,0,13,0,0,0,0.6,0.3,0.8362864342,11,1,1,0,1,6,1,1,2,1,60,3,0.316227766,0.7667011012,0.3391164992,3.6055512755,0.5,0.4,0.9,4,1,9,4,12,1,7,5,1,4,9,0,0,0,1,1,0
30,1402768,0,5,2,8,0,0,0,1,0,0,0,0,0,0,0,3,1,0,0,0.1,0.2,0.7026734661,7,0,-1,0,0,7,1,1,2,1,104,2,0.316227766,1.075842933,0.3556683849,3.6055512755,0.2,0.5,0.0,1,3,8,4,8,4,9,4,2,1,4,0,0,1,1,0,0
31,758087,0,2,1,1,0,6,1,0,0,0,0,0,0,0,0,6,0,0,0,0.4,1.6,1.3327602935,7,1,1,0,1,14,1,1,0,1,38,2,0.316227766,0.6071543162,0.3708099244,3.4641016151,0.1,0.4,0.9,3,3,7,0,10,3,13,3,4,5,11,0,0,1,0,0,1
32,1077535,0,0,1,8,0,0,0,1,0,0,0,0,0,0,0,6,0,0,0,0.9,0.2,0.9772410143,7,1,-1,0,-1,6,1,1,0,1,5,2,0.3741657387,0.9589616457,0.3193743885,3.6055512755,0.1,0.3,0.0,1,2,5,6,8,1,11,9,1,2,10,0,1,0,0,0,1
33,1188749,0,1,1,3,1,0,1,0,0,0,0,0,0,0,0,12,1,0,0,0.9,0.1,0.9956153876,6,1,0,0,-1,14,1,0,2,1,96,3,0.4,1.0385304302,0.3748332963,3.7416573868,0.1,0.4,0.4,2,3,7,2,8,3,14,5,0,6,5,0,1,0,0,0,0
34,995249,0,1,1,3,1,0,0,1,0,0,0,0,0,0,0,8,1,0,1,0.5,0.2,1.1613569649,7,1,-1,0,-1,4,1,1,2,1,38,3,0.4242640687,0.7563368658,0.3974921383,3.1622776602,0.8,0.4,0.7,2,3,10,2,11,1,8,3,0,2,6,0,1,1,0,1,0
35,97341,0,0,2,8,0,0,1,0,0,1,0,0,0,0,0,11,1,0,0,0.3,0.4,0.5793315113,6,0,-1,0,1,7,1,1,2,1,104,3,0.316227766,0.7873220644,0.3768288736,3.3166247904,0.7,0.2,0.0,2,3,7,2,10,1,8,5,2,3,10,0,1,0,0,1,0
36,679708,0,7,1,4,0,4,0,0,0,0,0,0,0,0,0,4,1,0,0,0.9,1.8,0.6103277808,11,1,-1,2,0,14,0,0,2,1,89,2,0.4,1.1879647851,0.3472751071,3.4641016151,0.9,0.0,0.6,1,2,7,4,11,3,10,4,0,2,5,0,0,0,1,0,0
37,178753,0,7,1,9,1,0,0,0,0,0,0,0,0,0,0,8,1,0,0,0.7,0.3,-1.0,11,1,-1,0,0,14,1,1,2,1,104,3,0.316227766,0.7691091767,-1.0,3.4641016151,0.7,0.4,0.7,3,2,7,4,9,1,12,6,3,2,10,0,1,1,0,1,0
38,1120203,0,1,2,3,1,0,1,0,1,0,0,0,0,0,0,8,0,0,0,0.1,0.3,1.0401322031,10,1,-1,0,-1,11,1,1,2,1,64,2,0.316227766,0.6603279926,0.5229722746,3.0,0.6,0.1,0.1,4,2,7,3,11,5,10,8,3,6,8,0,0,1,0,1,0
39,1461832,1,1,1,6,0,0,0,1,0,0,0,0,0,0,0,0,1,0,0,0.9,1.0,0.5820223363,11,1,-1,0,-1,0,1,1,0,1,37,3,0.4,1.0587104272,0.3903844259,3.0,0.2,0.7,0.4,4,3,9,4,10,3,5,4,1,6,7,0,1,0,0,1,0
40,937504,0,0,2,1,1,0,0,0,0,0,0,0,0,0,0,11,0,0,0,0.4,1.1,0.6199798384,7,1,-1,9,0,2,1,1,2,1,101,3,0.3872983346,0.7787864049,0.4074309757,2.8284271247,0.1,0.7,0.6,3,1,10,6,9,4,9,6,1,2,6,0,1,1,0,1,0
41,610157,0,3,1,2,0,0,1,0,1,0,0,0,0,0,0,7,0,0,0,0.9,0.0,0.906228448,11,1,-1,0,-1,1,1,1,2,1,89,2,0.3741657387,0.7179084635,0.3907684737,3.7416573868,0.2,0.6,0.9,0,3,8,2,11,1,16,7,1,3,5,0,0,1,0,1,0
42,862627,0,4,1,3,1,0,0,0,0,1,0,0,0,0,0,9,0,1,0,0.7,0.3,0.8272696054,11,1,-1,0,1,3,1,0,0,1,85,3,0.316227766,0.7102845431,0.3754996671,2.8284271247,0.7,0.8,0.1,3,1,5,5,10,2,11,6,3,3,10,0,1,1,1,0,0
43,1454566,0,0,1,8,1,0,0,0,0,0,0,0,0,0,0,2,1,0,1,0.9,0.3,0.5303300859,0,0,1,0,-1,5,1,1,0,1,5,2,0.4472135955,0.9648255955,0.31144823,2.8284271247,0.9,0.3,0.6,1,2,7,1,10,1,10,6,0,3,6,0,1,0,1,1,0
44,139707,1,3,2,1,1,0,0,0,1,1,0,0,0,0,0,9,0,0,0,0.7,0.0,-1.0,7,1,1,1,1,11,1,1,0,1,104,3,0.4242640687,0.6602635337,0.3287856445,3.0,0.5,0.2,0.5,2,4,6,2,9,1,6,5,1,2,6,0,1,1,0,0,0
45,299692,0,0,1,3,1,0,0,0,0,1,0,0,0,0,0,12,0,1,0,0.1,0.3,1.8555659514,7,1,1,0,-1,4,1,1,2,1,62,1,0.3160696126,0.5657767279,0.3307567082,2.8284271247,0.8,0.9,0.2,2,0,4,3,8,2,11,8,1,2,9,0,1,0,0,0,0
46,1357242,0,2,1,2,1,0,0,0,1,1,0,0,0,0,0,6,1,1,0,0.6,0.0,0.841872912,11,1,-1,0,1,1,1,1,0,1,44,3,0.316227766,0.8553648151,0.310322413,3.3166247904,0.7,0.6,0.9,3,3,9,4,8,4,4,8,1,5,6,0,1,1,0,0,0
47,1165663,0,3,4,4,1,0,0,0,1,0,0,0,0,0,0,9,1,1,0,0.2,0.2,0.5031152949,9,1,-1,0,-1,15,1,0,0,1,26,3,0.4,0.5107319331,0.4301162634,2.2360679775,0.8,0.2,0.2,2,1,5,6,8,2,12,8,0,4,7,0,0,1,0,0,0
48,573133,0,2,1,6,1,0,1,1,0,0,0,0,0,0,0,9,0,0,0,0.1,0.0,0.7101936356,4,1,1,5,-1,4,1,0,2,1,103,1,0.423792402,0.6731571108,0.3255764119,0.0,0.8,0.3,0.2,2,3,7,3,9,2,13,5,2,1,10,0,1,0,0,1,0
49,1172756,0,6,1,1,1,0,1,0,0,0,0,0,0,0,0,12,1,0,0,0.8,0.0,0.8481597727,8,1,-1,0,-1,3,1,1,2,1,37,3,0.316227766,0.6652843796,0.3041381265,1.7320508076,0.8,0.2,0.8,2,2,7,3,10,2,6,9,0,0,10,0,1,0,0,0,0
50,746120,0,2,1,5,1,0,0,1,0,0,0,0,0,0,0,5,0,0,0,0.1,0.2,1.4645818516,7,0,-1,0,1,1,1,0,2,1,104,3,0.5291502622,0.5715174813,0.3924283374,3.3166247904,0.0,0.3,0.3,3,2,9,6,10,3,7,7,1,2,12,0,0,1,0,0,0
51,529025,0,2,1,6,1,0,0,0,0,0,0,0,0,0,0,5,0,0,0,0.4,1.2,1.0825317547,11,1,-1,2,-1,11,1,0,0,1,66,2,0.316227766,1.1707347414,0.3405877273,2.2360679775,0.8,0.7,0.7,4,2,5,0,11,3,10,7,0,4,3,1,0,0,0,0,1
52,1288218,0,1,1,2,0,0,0,0,0,0,0,0,0,0,0,2,0,1,1,0.2,0.2,0.5208166664,11,1,-1,0,0,11,1,1,0,1,7,2,0.3741657387,0.7978664732,0.4110960958,0.0,0.0,0.8,0.0,3,2,9,2,10,3,10,8,2,1,6,0,0,1,0,1,0
53,337650,0,1,2,7,1,0,1,0,0,0,0,0,0,0,0,7,1,0,0,0.9,0.3,0.678693598,11,1,-1,0,-1,11,1,1,2,1,61,2,0.316227766,0.7088286228,0.3615245497,3.6055512755,0.7,0.6,0.4,3,4,9,2,10,1,3,9,0,9,7,0,0,1,0,0,1
54,642479,0,0,1,1,0,0,0,0,0,0,0,0,0,0,0,11,1,0,0,0.9,0.6,0.739087275,11,1,-1,0,-1,1,1,1,2,1,22,3,0.3741657387,0.9056629917,0.3049590136,3.6055512755,0.7,0.1,0.8,2,0,8,1,9,3,9,8,2,2,12,0,1,1,0,0,0
55,903581,0,1,1,6,0,0,0,0,1,0,0,0,0,0,0,11,0,0,0,0.6,0.5,0.5373546315,7,1,0,0,-1,1,1,1,0,1,3,2,0.3741657387,0.7835472423,0.3348133809,2.8284271247,0.3,0.6,0.4,1,4,6,2,11,0,14,3,1,4,12,0,1,1,1,0,1
56,243144,0,1,2,2,0,0,1,0,0,0,0,0,0,0,0,7,1,0,0,0.6,0.6,1.4933184523,7,1,-1,0,0,0,1,1,0,1,104,3,0.4,0.7301222585,0.4062019202,3.0,0.1,0.0,0.7,2,2,7,5,9,1,8,4,1,5,4,0,1,1,0,0,0
57,183917,0,0,1,2,0,0,1,0,0,1,0,0,0,0,0,7,1,0,0,0.5,0.2,-1.0,11,1,-1,9,-1,11,0,0,2,1,101,3,0.4,0.9118027734,0.4,3.6055512755,0.4,0.6,0.1,5,2,7,3,10,2,8,7,1,5,9,0,1,1,0,1,0
58,16878,0,1,1,5,0,2,0,0,0,0,0,0,0,0,0,7,0,0,0,0.9,0.4,0.5820223363,11,1,-1,0,-1,0,1,0,0,1,104,3,0.3994996871,0.9029908981,0.4679743583,3.4641016151,0.8,0.3,0.3,3,2,10,4,9,2,9,8,2,3,10,0,0,1,0,0,0
59,44782,0,1,1,9,0,0,0,1,0,0,0,0,0,0,0,9,0,0,0,0.9,0.3,0.5111262075,11,1,0,0,1,0,1,1,2,1,57,2,0.316227766,0.6220633488,0.3307567082,1.0,0.5,0.4,0.2,2,1,7,2,10,2,9,3,3,2,6,0,0,1,0,1,0
60,1391649,0,0,1,4,1,0,1,0,0,1,0,0,0,0,0,8,0,0,0,0.5,0.0,1.0685855137,6,0,-1,0,1,6,1,1,1,1,104,1,0.3741657387,0.7073638642,0.3887158345,3.1622776602,0.6,0.3,0.6,2,1,6,4,11,3,5,2,2,6,10,0,1,0,1,0,0
61,834238,1,5,1,8,1,0,1,0,1,1,0,0,0,0,0,5,0,0,0,0.9,0.4,0.8070006196,7,1,-1,0,-1,7,-1,1,2,1,31,3,0.4,0.943285865,0.4295346319,2.8284271247,0.0,0.2,0.4,2,2,7,2,8,3,6,5,1,1,10,1,0,1,0,1,0
62,67758,0,0,1,5,1,6,1,0,0,0,0,0,0,0,0,11,1,1,0,0.7,0.0,0.6946221995,11,1,-1,0,0,1,1,1,0,1,81,1,0.4898979486,0.6938335237,0.390256326,3.6055512755,0.1,0.4,0.9,4,4,8,5,10,0,6,8,4,3,8,0,0,1,0,0,1
63,1439362,1,1,2,7,0,0,0,0,0,0,0,0,0,0,0,8,1,0,0,0.4,0.4,1.1014195386,10,1,-1,0,-1,1,1,1,0,1,89,3,0.4,0.9396676043,0.4074309757,3.4641016151,0.2,0.9,0.3,2,5,9,2,12,4,9,4,1,2,7,0,1,0,0,0,0
64,1089913,0,0,1,2,0,0,0,0,1,0,0,0,0,0,0,8,1,0,0,0.9,0.4,1.4131082761,2,1,-1,9,-1,9,1,1,2,1,64,3,0.4242640687,0.7046187645,0.31144823,3.3166247904,0.3,0.6,0.7,2,3,9,3,8,3,10,9,2,2,4,0,1,1,0,0,0
65,1348048,0,0,1,6,0,0,0,1,0,0,0,0,0,0,0,6,0,1,0,0.9,0.3,0.428660705,7,1,-1,0,1,11,1,1,0,1,48,3,0.4,0.6889775632,0.3217141588,2.4494897428,0.1,0.3,0.9,1,0,8,3,11,2,9,9,1,3,11,0,1,1,0,0,0
66,727059,0,0,1,7,0,0,0,0,0,0,0,0,0,0,0,4,0,0,1,0.5,0.3,0.9195787079,11,1,-1,8,-1,4,0,0,2,1,92,3,0.4242640687,0.7713758235,0.3814446225,2.0,0.2,0.1,0.3,1,1,6,3,7,3,14,6,1,7,9,1,1,1,0,0,0
67,461497,0,0,-1,5,0,0,0,1,0,0,0,0,0,0,0,3,0,0,0,0.9,0.4,-1.0,11,1,0,0,-1,14,1,0,0,1,104,3,0.316227766,0.7399219581,0.3850973903,2.6457513111,0.8,0.5,0.7,3,3,6,3,8,1,9,4,0,4,5,0,1,1,0,1,0
68,1149140,0,0,1,6,1,0,0,0,0,0,0,0,0,0,0,8,1,0,0,0.6,0.4,0.9437293044,11,0,1,0,-1,7,0,1,0,1,87,3,0.316227766,0.8174870788,0.4176122604,3.6055512755,0.1,0.3,0.2,2,1,7,4,9,2,14,7,4,2,8,0,1,1,0,0,0
69,335712,0,1,1,5,0,0,1,0,0,0,0,0,0,0,0,5,1,0,0,0.8,0.0,0.7292976073,6,1,-1,0,0,0,1,1,2,1,28,3,0.3741657387,0.6871759191,0.43829214,3.0,0.6,0.7,0.6,2,2,10,3,11,3,9,3,1,3,13,0,1,0,0,0,0
70,1074079,0,0,2,9,1,0,1,0,0,0,0,0,0,0,0,9,1,0,1,0.8,0.0,1.3720422734,11,1,0,0,-1,11,1,1,2,1,104,3,0.316227766,0.7052928587,0.3663331817,3.3166247904,0.7,0.0,0.8,2,0,9,2,10,1,14,9,1,2,11,0,0,0,1,1,0
71,1476663,0,5,1,2,1,0,0,1,0,0,0,0,0,0,0,11,1,0,0,0.9,0.4,1.3754544703,7,0,-1,0,1,6,1,1,0,1,11,1,0.4,0.6178307827,0.3793415348,2.6457513111,0.6,0.6,0.5,0,2,8,4,9,4,10,2,1,2,6,0,1,1,0,0,0
72,695615,0,0,1,1,0,0,0,0,1,0,0,0,0,0,0,5,0,0,0,0.6,0.0,-1.0,7,1,-1,0,1,3,1,1,2,1,83,3,0.4,1.0235552204,0.4311612227,3.1622776602,0.5,0.0,0.9,3,0,7,4,9,3,8,2,1,4,7,1,0,0,0,0,1
73,1192443,0,0,1,8,0,0,1,0,0,0,0,0,0,0,0,6,1,0,0,0.1,0.5,1.2925265955,7,1,-1,0,-1,11,1,0,0,1,81,3,0.316227766,0.7684225013,0.3861346915,2.4494897428,0.6,0.8,0.7,3,1,9,3,8,3,5,5,2,4,10,0,1,1,0,0,0
74,1162942,0,0,1,3,0,0,0,0,0,1,0,0,0,0,0,0,1,0,0,0.9,0.7,0.8902246907,4,1,0,6,-1,0,0,1,2,1,65,2,0.3741657387,0.4392423981,0.4129164564,3.1622776602,0.9,0.9,0.8,2,3,10,2,10,4,5,5,0,5,5,0,0,1,1,1,1
75,333083,0,0,2,6,0,0,1,1,0,0,0,0,0,0,0,13,1,0,0,0.2,0.3,0.8645808233,11,1,-1,0,0,11,1,0,2,1,85,3,0.316227766,0.9494126066,0.3823610859,3.0,0.9,0.3,0.5,3,2,8,2,11,3,7,6,1,3,6,0,1,1,0,1,0
76,1147258,0,1,1,8,0,6,1,0,0,0,0,0,0,0,0,5,0,0,0,0.1,1.2,1.5648482355,11,1,-1,0,0,11,1,1,0,1,98,3,0.4,0.8759646395,0.2887905816,3.1622776602,0.0,0.6,0.2,2,0,10,4,11,4,11,7,0,0,13,0,1,0,0,1,0
77,1124932,0,1,2,3,0,0,1,0,0,1,0,0,0,0,0,12,0,0,0,0.8,0.4,1.5425222851,7,0,1,0,0,0,1,0,2,1,89,1,0.4,0.7368264539,0.3768288736,3.6055512755,0.0,0.7,0.7,3,2,5,4,8,4,5,3,1,2,4,0,0,0,0,0,0
78,976478,0,5,1,8,0,6,0,0,0,1,0,0,0,0,0,13,0,0,0,0.2,0.2,0.6754628043,11,1,-1,0,0,11,1,1,0,1,82,3,0.3741657387,0.6346405243,0.423083916,3.6055512755,0.0,0.2,0.7,2,2,8,2,8,1,10,5,1,2,6,0,1,1,0,1,0
79,1147707,0,0,1,3,0,0,1,0,0,1,0,0,0,0,0,10,0,1,0,0.9,1.3,-1.0,11,1,-1,0,0,4,1,1,2,1,89,3,0.3741657387,0.7168932629,0.3667424164,3.0,0.2,0.6,0.6,2,1,7,3,12,4,7,4,0,4,5,0,0,1,0,0,0
80,1299716,0,7,2,2,0,0,0,0,0,0,0,0,0,0,0,13,0,1,0,0.9,0.1,1.0210288928,11,1,-1,0,1,11,1,0,2,1,16,3,0.4242640687,0.8421121615,0.430464865,3.1622776602,0.1,0.1,0.6,2,0,6,5,9,2,14,4,2,2,10,1,0,1,1,0,0
81,300163,0,1,1,4,0,0,0,0,0,1,0,0,0,0,0,10,1,0,0,0.6,0.2,-1.0,5,0,-1,0,-1,0,1,1,1,1,55,2,0.3741657387,0.6937739647,0.397617907,3.0,0.8,0.5,0.0,5,2,8,3,10,3,12,6,2,3,7,0,0,1,1,0,0
82,133904,0,1,1,5,0,6,1,1,0,0,0,0,0,0,0,10,1,1,0,0.4,0.8,0.5656854249,6,1,1,9,1,11,1,1,2,1,12,3,0.4,0.6494116854,0.3887158345,2.8284271247,0.2,0.8,0.3,3,1,6,4,9,2,8,7,1,3,9,0,0,0,1,0,0
83,1156705,0,4,2,9,0,0,1,1,0,1,0,0,0,0,0,6,1,1,0,0.1,0.1,-1.0,10,1,-1,0,1,11,1,1,2,1,87,3,0.3741657387,0.8614206026,0.3214031736,3.4641016151,0.3,0.0,0.0,2,3,7,1,10,1,5,5,2,6,14,0,1,0,0,0,0
84,774393,0,0,1,3,0,0,1,0,0,0,0,0,0,0,0,8,0,0,0,0.2,0.5,-1.0,7,1,1,0,-1,10,1,1,2,1,19,3,0.4795831523,0.6942056522,0.3266496594,1.7320508076,0.1,0.6,0.8,5,2,10,3,9,2,9,8,1,5,10,0,1,0,0,0,0
85,579409,1,0,1,3,0,0,0,0,0,0,0,0,0,0,0,10,0,0,1,0.4,0.2,-1.0,7,1,1,0,-1,1,1,0,0,1,104,3,0.316227766,0.9228839992,0.5300943312,1.0,0.7,0.7,0.7,2,1,8,3,9,4,7,9,2,3,7,0,1,0,0,1,1
86,423640,0,1,1,7,0,0,0,0,0,0,0,0,0,0,0,7,1,0,1,0.9,0.4,0.452078533,11,1,1,0,0,1,0,1,0,1,51,3,0.316227766,1.0174307295,0.3619392214,3.6055512755,0.2,0.8,0.6,3,1,8,5,9,3,5,4,1,2,8,0,1,0,0,1,0
87,780338,0,0,2,6,0,0,0,0,0,0,0,0,0,0,0,9,1,0,0,0.5,0.2,0.6698880503,9,0,-1,1,0,11,1,1,0,1,68,3,0.4472135955,0.6717129946,0.3926830783,3.7416573868,0.6,0.4,0.4,3,4,7,4,5,4,5,5,1,2,5,1,1,1,1,1,0
88,1375738,0,1,1,7,0,0,0,0,1,1,0,0,0,0,0,10,1,0,0,0.6,0.8,0.8340413659,11,1,-1,2,1,0,1,1,0,1,27,3,0.316227766,0.5768430756,0.3685105155,3.1622776602,0.5,0.0,0.1,3,1,9,1,10,3,12,9,2,1,2,0,0,1,0,0,0
89,228201,0,1,2,2,1,0,1,1,0,0,0,0,0,0,0,12,0,0,0,0.5,0.5,-1.0,0,1,-1,0,1,0,1,1,2,1,104,2,0.316227766,0.8712321473,0.3507135583,3.4641016151,0.6,0.3,0.7,4,1,8,3,7,3,6,5,3,0,10,0,0,1,1,1,1
90,497027,0,1,1,5,0,0,0,0,0,0,0,0,0,0,0,4,0,0,1,0.8,1.1,-1.0,7,1,-1,0,-1,14,1,1,2,1,49,3,0.4,0.7079536334,0.4236744033,2.8284271247,0.9,0.0,0.9,0,1,8,1,11,3,8,2,2,1,3,0,1,1,1,0,0
91,948306,0,1,2,4,1,0,0,1,0,0,0,0,0,0,0,10,1,0,0,0.7,0.4,0.3041381265,3,1,-1,2,1,14,1,1,2,1,32,1,0.3741657387,1.0228686771,0.2944486373,3.6055512755,0.3,0.6,0.5,1,3,9,5,7,1,4,6,1,3,11,0,1,1,1,0,1
92,862678,0,0,1,9,1,6,1,0,0,0,0,0,0,0,0,9,0,1,0,0.7,0.0,0.8054501847,6,1,-1,0,-1,13,1,1,2,1,76,3,0.316227766,0.9302869903,0.43829214,2.2360679775,0.1,0.6,0.1,1,2,7,0,7,2,12,8,0,2,11,0,1,1,0,1,0
93,673971,0,3,1,1,0,0,0,0,1,0,0,0,0,0,0,2,1,0,0,0.4,0.0,-1.0,8,1,-1,0,-1,1,1,1,2,1,81,1,0.4472135955,0.6060132557,0.3583294573,3.7416573868,0.4,0.9,0.0,0,2,8,3,8,5,10,7,1,2,11,0,1,1,1,0,0
94,1472872,0,0,2,3,1,0,0,0,0,1,0,0,0,0,0,5,1,1,0,0.3,0.1,0.771362431,7,0,-1,9,-1,11,-1,1,2,1,32,3,0.4242640687,0.865416825,0.3850973903,3.3166247904,0.2,0.4,0.0,1,1,7,3,6,0,12,9,0,1,4,0,0,1,0,0,0
95,423380,0,0,1,8,0,0,1,0,0,0,0,0,0,0,0,3,1,0,0,0.6,1.2,0.5297405025,11,1,-1,0,1,1,1,1,0,1,87,2,0.3605551275,0.9910550351,0.3794733192,3.4641016151,0.5,0.0,0.1,2,2,7,3,8,2,9,1,2,4,7,0,1,0,0,0,1
96,49205,0,0,1,5,0,0,1,1,1,1,0,0,0,0,0,5,1,0,0,0.9,0.7,0.8396427812,11,1,-1,0,1,12,1,1,2,1,64,3,0.4,0.518580389,0.4074309757,3.6055512755,0.8,0.3,0.2,4,1,7,4,8,4,2,8,1,1,8,0,0,0,0,1,0
97,1106967,0,2,2,3,0,0,0,1,0,0,0,0,0,0,0,9,1,0,0,0.8,0.2,0.5634713835,7,1,1,0,-1,11,1,1,0,1,22,2,0.316227766,0.8296668653,0.3940812099,3.4641016151,0.4,0.0,0.1,3,3,10,4,10,3,11,8,2,3,9,0,1,1,0,0,0
98,384814,0,0,1,2,0,0,0,1,1,1,0,0,0,0,0,12,0,0,0,0.9,0.1,1.5797547278,11,1,-1,0,1,17,1,1,2,1,90,3,0.3947150871,0.674720634,0.3708099244,3.6055512755,0.9,0.2,0.4,5,4,6,3,8,3,8,0,0,6,3,0,0,0,0,0,0
99,418486,0,4,2,5,0,0,1,0,0,0,0,0,0,0,0,9,1,0,0,0.4,0.2,1.032896413,11,1,-1,3,-1,1,1,1,0,1,104,2,0.316227766,0.6716207115,0.3908964057,3.1622776602,0.9,0.1,0.0,1,3,9,1,10,2,10,4,1,4,3,0,0,0,1,1,0
100,165926,0,1,1,5,0,0,1,0,0,1,0,0,0,0,0,3,1,0,0,0.1,0.6,0.7288689869,10,1,-1,2,-1,0,1,1,2,1,87,2,0.5196152423,0.7276135565,0.3420526275,2.2360679775,0.5,0.2,0.0,1,2,8,4,9,1,5,6,2,4,7,0,0,0,0,1,0
101,160173,0,1,1,6,1,0,1,0,0,0,0,0,0,0,0,8,0,0,0,0.1,0.6,0.7533259587,11,0,-1,0,-1,11,1,1,2,1,104,3,0.5,0.8076851936,0.3685105155,3.4641016151,0.9,0.5,0.0,3,2,10,5,8,1,7,6,2,5,6,1,1,0,0,0,0
102,1044964,0,2,1,8,0,6,1,1,0,0,0,0,0,0,0,7,1,0,0,0.9,0.0,1.0960155108,11,1,-1,1,-1,11,1,1,2,1,55,2,0.4242640687,0.7972317808,0.3663331817,3.6055512755,0.3,0.4,0.9,3,3,7,3,10,1,9,8,0,0,6,1,0,1,0,0,0
103,970412,0,6,1,1,0,0,0,0,0,0,0,0,0,0,0,2,1,0,1,0.7,0.9,0.5332682252,11,1,-1,2,0,14,1,1,3,1,32,2,0.4,0.8329847756,-1.0,3.4641016151,0.9,0.0,0.8,2,0,3,3,7,2,8,4,2,3,7,1,1,0,1,0,0
104,811319,0,5,1,1,0,0,0,0,0,1,0,0,0,0,0,3,1,1,1,0.3,0.8,0.6118619125,7,0,-1,0,-1,11,1,1,0,1,19,1,0.4242640687,0.7477466148,0.3521363372,2.4494897428,0.5,0.0,0.0,2,1,8,1,8,3,7,9,1,1,6,0,0,0,0,0,0
105,381083,0,5,2,1,0,0,0,0,0,0,0,0,0,0,0,7,1,0,0,0.9,0.7,0.6637959024,9,1,-1,0,-1,11,1,1,2,1,82,2,0.4472135955,0.6896819245,0.5004997502,3.7416573868,0.5,0.5,0.9,1,4,8,5,10,2,5,2,1,4,7,0,1,1,1,0,0
106,305506,0,1,1,10,1,6,1,0,0,0,0,0,0,0,0,8,0,0,0,0.9,0.2,0.515994186,8,1,1,0,-1,14,1,0,2,1,103,3,0.4,0.7527772272,0.4017461885,2.6457513111,0.6,0.5,0.7,3,2,7,2,10,1,11,5,1,5,7,0,1,0,0,1,0
107,798757,0,4,1,3,0,0,1,0,0,1,0,0,0,0,0,11,0,0,0,0.7,0.5,0.7441438033,11,1,1,0,-1,11,1,1,0,1,23,1,0.4472135955,0.6239536696,0.3730951621,3.6055512755,0.4,0.6,0.3,3,2,9,1,8,4,7,6,2,3,8,0,1,1,0,0,0
108,1051023,0,3,1,2,1,0,1,0,1,0,0,0,0,0,0,10,1,0,1,0.9,0.0,0.679613861,8,1,-1,3,1,1,1,1,2,1,82,3,0.4242640687,0.9069862,0.3019933774,3.1622776602,0.0,0.7,0.5,3,4,10,2,9,4,7,7,0,8,14,0,1,0,1,0,1
109,347977,0,0,1,3,0,0,0,0,0,0,0,0,0,0,0,6,1,0,0,0.9,0.4,0.8325412903,6,1,-1,0,1,11,1,1,0,1,21,2,0.4,0.7739962842,0.4236744033,3.1622776602,0.9,0.4,0.4,1,2,9,1,10,2,11,5,3,4,9,0,0,0,0,0,0
110,843335,0,0,1,10,0,0,0,0,0,0,0,0,0,0,0,6,0,0,0,0.3,0.2,-1.0,11,1,0,0,0,1,1,1,2,1,104,3,0.423792402,1.3938323411,0.3286335345,1.0,0.7,0.1,0.9,4,2,8,4,11,5,9,4,0,3,5,0,1,1,0,1,0
111,1276093,0,2,2,6,1,4,0,1,0,0,0,0,0,0,0,8,0,0,0,0.7,0.6,1.2193748398,10,0,1,0,1,3,1,1,2,1,12,3,0.4472135955,0.6813634847,0.3456877203,3.0,0.1,0.8,0.8,1,5,9,4,9,1,5,3,1,3,12,0,1,0,1,1,0
112,970636,0,0,1,4,0,0,0,1,1,1,0,0,0,0,0,3,1,0,0,0.7,0.3,0.503736042,5,1,-1,0,1,1,1,0,0,1,5,2,0.4,0.664165418,-1.0,3.3166247904,0.4,0.6,0.9,3,1,7,3,9,3,7,6,1,6,7,0,0,1,1,0,0
113,562064,0,2,1,8,0,0,0,0,0,0,0,0,0,0,0,9,0,0,0,0.6,0.3,0.5267826876,7,1,1,1,0,11,1,0,2,1,94,3,0.4,1.3013422822,0.3583294573,2.2360679775,0.7,0.5,0.5,1,1,7,0,8,3,5,6,3,3,6,0,0,1,0,0,0
114,43241,0,0,1,8,0,0,0,0,0,0,0,0,1,0,0,4,1,0,0,0.5,0.3,1.0111874208,7,0,1,0,1,14,1,1,2,1,55,3,0.3155946768,0.4108547832,0.3969886648,3.4641016151,0.8,0.9,0.5,2,2,8,3,10,5,9,8,0,4,5,0,1,1,0,0,1
115,1249057,0,1,2,5,1,0,0,0,0,1,0,0,0,0,0,1,0,0,0,0.9,0.3,0.8459462158,7,0,1,9,-1,11,1,1,0,1,13,2,0.4242640687,0.9131477662,0.3130495168,2.8284271247,0.5,0.3,0.8,3,0,8,1,9,4,7,6,2,10,5,0,0,1,1,0,0
116,321512,0,1,2,6,0,0,0,1,0,0,0,0,0,0,0,13,1,0,0,0.7,0.1,0.9536115561,7,1,0,0,-1,14,1,1,0,1,28,3,0.316227766,0.7325800664,0.4185689907,1.7320508076,0.4,0.6,0.1,1,2,7,2,10,3,6,8,1,2,7,0,1,0,0,0,0
117,1043065,0,0,1,10,0,6,0,0,0,0,0,0,0,0,0,7,0,0,0,0.9,0.0,-1.0,11,1,-1,0,0,1,1,1,2,1,14,2,0.3741657387,0.7404906794,0.4,3.3166247904,0.4,0.1,0.3,3,2,8,3,7,1,8,5,0,3,11,0,0,0,0,0,0
118,235948,0,3,1,2,0,0,0,1,0,0,0,0,0,0,0,7,1,0,0,0.3,0.2,0.9669539803,11,1,0,0,1,17,1,1,1,1,41,2,0.4,0.6068139258,0.3292415527,0.0,0.6,0.5,0.2,2,0,8,2,7,1,12,10,1,1,6,0,0,0,1,1,0
119,1022139,0,4,1,8,0,0,1,0,0,0,0,0,0,0,0,3,0,0,0,0.1,0.3,-1.0,7,1,1,0,-1,10,1,1,2,1,11,2,0.4,1.2980914152,0.3974921383,3.7416573868,0.8,0.7,0.1,1,1,5,3,9,2,5,7,1,4,12,0,0,0,0,1,0
120,1113272,0,0,1,1,1,0,1,0,0,0,0,0,0,0,0,12,1,0,0,0.8,0.8,0.5425633604,6,1,-1,0,-1,1,1,1,0,1,2,3,0.4,0.6226609122,0.3744329045,3.4641016151,0.7,0.4,0.6,2,1,8,4,8,2,6,6,2,4,8,0,0,0,0,0,0
121,1434255,0,2,1,2,0,0,0,0,0,0,0,0,0,0,0,4,1,1,0,0.8,0.0,0.7424621202,11,1,-1,0,-1,11,1,1,0,1,46,2,0.4472135955,1.1009575096,-1.0,2.6457513111,0.7,0.6,0.2,3,2,8,4,11,3,8,4,2,2,3,0,0,0,0,1,0
122,1415564,0,0,1,1,1,0,0,1,1,1,0,0,0,0,0,9,0,0,0,0.9,0.2,-1.0,3,1,1,0,0,0,1,1,2,1,51,1,0.316227766,0.5278601743,0.3583294573,3.6055512755,0.0,0.2,0.9,2,3,8,4,10,2,4,7,4,4,6,0,0,1,1,0,0
123,341697,0,0,1,1,0,6,1,1,0,0,0,0,0,0,0,9,1,0,0,0.1,0.7,0.6174544518,7,1,-1,0,1,0,1,1,2,1,54,3,0.316227766,1.078889753,0.3659234893,2.8284271247,0.1,0.6,0.4,4,3,9,5,10,0,6,5,1,5,9,0,0,1,0,0,0
124,1380189,0,0,1,3,1,0,0,0,0,0,0,0,0,0,0,10,0,0,0,0.9,0.2,1.8464492953,11,1,-1,0,-1,0,1,1,2,1,64,1,0.316227766,0.6611410122,0.3309078422,3.7416573868,0.6,0.5,0.6,4,1,7,3,9,2,6,9,0,2,6,0,1,0,0,1,0
125,614916,0,1,1,9,0,0,0,0,0,0,0,0,0,0,0,7,1,1,0,0.6,1.2,1.1051018053,8,1,1,0,0,1,1,0,0,1,7,3,0.4469899328,0.6896519664,0.4211887938,3.6055512755,0.7,0.3,0.0,2,1,10,3,6,4,4,5,3,3,9,0,0,1,0,0,1
126,684283,0,0,2,3,0,0,0,0,0,0,0,0,0,0,0,8,1,0,0,0.1,0.7,0.9344115796,11,1,0,0,-1,9,1,1,0,1,103,2,0.3741657387,0.6998376435,0.3687817783,3.1622776602,0.8,0.8,0.6,0,1,8,5,10,0,10,7,2,1,6,0,1,1,0,1,0
127,647657,0,2,1,6,0,0,1,0,0,0,0,0,0,0,0,10,0,1,0,0.6,0.7,0.7495832175,9,1,-1,0,0,17,1,1,0,1,99,3,0.4472135955,0.8561638447,0.3420526275,3.6055512755,0.9,0.6,0.4,3,2,9,2,8,4,5,7,3,1,9,0,1,1,1,0,0
128,556916,0,1,1,2,1,0,1,0,0,0,0,0,1,0,0,6,1,0,0,0.1,0.1,1.2295832627,7,1,-1,0,-1,14,1,1,2,1,14,3,0.6164414003,0.7652445188,0.359722115,3.6055512755,0.8,0.4,0.1,3,2,7,2,9,1,7,5,0,3,10,0,0,1,0,0,1
129,1420976,0,3,2,3,1,0,1,1,0,0,0,0,0,0,0,6,1,0,0,0.9,0.6,0.6552671211,10,1,-1,0,-1,4,1,1,0,1,55,2,0.4,0.3654047908,0.4017461885,3.3166247904,0.9,0.5,0.6,4,1,7,3,9,2,7,4,0,3,9,1,0,1,0,0,0
130,1446507,0,5,1,3,0,4,0,0,0,0,0,0,0,0,0,13,1,0,0,0.0,1.1,0.4795831523,7,1,1,0,0,1,1,1,2,1,50,2,0.316227766,0.6894122542,0.3388214869,3.1622776602,0.0,0.3,0.6,3,1,7,5,9,4,4,7,1,6,2,0,1,1,0,0,0
131,1188560,0,2,1,2,0,0,1,0,0,0,0,0,0,0,0,13,0,1,0,0.9,0.2,0.672216483,4,0,-1,2,-1,11,1,1,2,1,70,3,0.316227766,0.5344147954,0.3907684737,1.4142135624,0.4,0.9,0.3,2,3,8,1,12,3,8,6,1,3,7,0,0,1,1,0,0
132,502320,0,1,1,5,0,0,0,0,1,0,0,0,0,0,0,6,0,1,0,0.3,0.5,0.7110731327,11,1,-1,2,-1,12,1,1,2,1,32,3,0.316227766,0.5120248251,-1.0,3.4641016151,0.2,0.6,0.9,4,1,7,0,11,2,6,5,0,3,3,0,1,1,1,0,0
133,1145439,0,3,1,4,1,0,1,0,0,1,0,0,0,0,0,12,0,0,0,0.9,1.0,1.3067134345,6,1,-1,0,0,1,1,1,2,1,104,3,0.3741657387,0.6485998907,0.3309078422,3.3166247904,0.6,0.9,0.2,4,4,7,4,10,2,13,7,2,7,6,1,1,0,0,0,0
134,1455090,0,3,1,8,1,0,0,1,1,0,0,0,0,0,0,6,0,0,0,0.6,0.3,0.703562364,11,1,1,0,-1,0,1,1,2,1,11,3,0.3741657387,0.8625830898,0.4604345773,3.7416573868,0.6,0.8,0.4,1,4,6,4,10,1,9,5,1,3,10,0,0,0,0,0,1
135,206288,0,2,2,8,1,0,0,1,1,0,0,0,0,0,0,6,1,1,1,0.9,0.3,0.9769211841,7,1,-1,0,-1,1,1,0,2,1,92,2,0.4,0.8935605258,0.3861346915,3.3166247904,0.0,0.5,0.5,2,2,9,1,9,4,9,6,2,0,8,0,1,1,0,1,0
136,656891,0,0,2,7,1,0,0,0,0,0,0,0,0,0,0,7,1,0,0,0.1,0.2,-1.0,5,1,0,0,1,3,1,1,2,1,17,3,0.316227766,0.7964150046,0.3685105155,2.4494897428,0.9,0.8,0.8,1,1,8,3,7,2,3,2,1,1,6,1,0,0,0,1,0
137,1138541,0,3,1,7,0,0,0,1,1,0,0,0,0,0,0,6,1,0,0,0.4,0.7,0.5830951895,3,1,1,0,1,0,1,1,2,1,65,2,0.316227766,0.6300990346,0.3601388621,3.3166247904,0.0,0.4,0.3,0,1,10,2,9,1,9,6,1,3,11,0,1,1,1,0,0
138,511046,0,3,2,1,1,0,0,0,0,1,0,0,0,0,0,6,1,0,0,0.5,0.4,0.6159342497,11,1,-1,0,-1,1,1,1,2,1,46,3,0.4,0.3626406823,0.3488552709,3.6055512755,0.0,0.6,0.1,2,1,8,4,8,1,9,5,0,5,6,0,1,1,1,1,0
139,861612,0,5,1,6,1,0,0,0,0,0,0,0,0,0,0,7,1,0,1,0.3,0.3,-1.0,6,1,1,0,1,1,1,1,2,1,11,2,0.3741657387,0.8156038933,0.3681032464,3.3166247904,0.2,0.9,0.0,1,2,9,2,10,4,9,4,0,1,7,0,1,1,0,0,0
140,103888,0,5,1,1,0,6,1,1,0,0,0,0,0,0,0,11,1,0,1,0.9,0.3,0.6809919236,6,1,-1,0,-1,1,1,1,0,1,55,3,0.5477225575,0.787531975,-1.0,3.3166247904,0.6,0.2,0.8,2,3,7,3,8,2,9,2,2,3,10,0,0,1,0,0,0
141,1227104,0,1,1,9,0,0,0,0,0,0,0,0,0,0,0,10,0,0,0,0.9,0.6,1.2801367114,7,0,-1,0,-1,9,1,1,0,1,11,2,0.3741657387,0.7050291595,0.3848376281,2.8284271247,0.9,0.1,0.6,1,1,7,5,7,3,4,5,1,4,7,1,1,1,0,0,1
142,97106,0,1,1,2,1,0,1,0,0,1,0,0,0,0,0,0,1,0,0,0.9,0.3,0.6968679932,11,1,1,0,1,6,1,1,0,1,87,3,0.4242640687,0.8341992746,-1.0,2.4494897428,0.1,0.0,0.3,1,2,8,3,10,2,3,9,2,2,3,0,1,0,0,1,0
143,142930,0,0,4,4,0,0,0,0,1,0,0,0,0,0,0,8,1,0,0,0.9,0.2,0.8507349764,7,0,-1,0,1,0,1,1,2,1,10,1,0.4,0.7000885422,0.4,3.3166247904,0.8,0.2,0.7,3,2,8,5,10,0,7,6,0,1,14,0,1,1,0,0,0
144,36975,0,0,1,4,0,0,0,0,0,0,0,0,0,0,0,3,1,0,0,0.6,0.4,0.797260936,11,1,-1,0,0,0,1,1,2,1,64,3,0.4,0.7043841458,-1.0,2.8284271247,0.1,0.3,0.0,4,1,10,5,10,3,2,5,4,3,6,1,0,1,1,0,0
145,1414814,0,0,2,5,0,0,0,1,0,0,0,0,0,0,0,4,1,0,1,0.8,0.2,0.9981232389,6,0,-1,0,0,1,1,1,0,1,67,3,0.4242640687,0.637012656,0.3687817783,3.6055512755,0.9,0.2,0.7,4,4,8,4,8,0,8,6,0,3,6,0,1,0,0,0,0
146,844906,0,2,3,7,0,0,0,0,0,0,0,0,0,0,0,5,0,0,0,0.3,0.7,1.4641550464,7,1,-1,0,-1,1,1,1,0,1,29,2,0.4,0.5139982635,0.4185689907,3.1622776602,0.8,0.3,0.4,1,2,9,2,9,4,13,5,0,2,12,1,0,0,0,0,0
147,545940,0,5,1,1,0,0,1,0,0,0,0,0,0,0,0,0,0,0,0,0.7,0.3,0.9953014619,11,1,-1,0,-1,1,1,0,3,1,66,2,0.4472135955,1.0785473855,-1.0,3.6055512755,0.2,0.1,0.0,0,1,7,3,5,2,6,7,3,2,6,0,1,1,1,0,1
148,1320542,0,5,1,7,0,0,0,0,0,0,0,0,0,0,0,5,0,1,0,0.9,0.4,0.7487489566,7,1,-1,8,1,0,1,1,0,1,72,3,0.316227766,0.5843340491,0.3468429039,2.4494897428,0.4,0.2,0.0,1,2,8,2,8,3,5,5,3,5,6,0,0,1,0,1,0
149,819390,0,1,1,6,1,0,0,0,0,1,0,0,0,0,0,5,1,1,0,0.4,0.2,0.605702072,7,1,0,8,0,7,1,1,2,1,78,1,0.3741657387,0.6666494488,0.4196427052,2.4494897428,0.8,0.2,0.6,1,2,7,4,8,3,8,5,2,4,8,1,0,0,0,0,0
150,1184972,0,2,1,7,1,0,0,0,0,0,0,0,0,0,0,11,0,0,0,0.8,0.6,0.5184110338,11,1,1,0,-1,1,-1,1,2,1,2,2,0.316227766,0.8110802918,0.3641428291,2.8284271247,0.6,0.7,0.4,3,3,7,2,9,3,8,6,2,2,7,0,1,1,0,0,0
151,1112094,0,0,1,1,0,0,1,0,0,0,0,0,0,0,0,9,0,0,0,0.0,0.4,-1.0,11,1,-1,0,1,1,1,1,0,1,49,2,0.316227766,0.6461423992,0.3287856445,3.3166247904,0.3,0.2,0.0,2,3,8,1,10,2,8,6,2,5,4,0,1,0,0,0,1
152,600178,0,5,2,3,0,1,0,0,0,0,0,0,0,0,0,13,1,0,0,0.7,0.7,0.803507934,7,1,-1,0,1,14,1,1,0,1,100,3,0.3741657387,0.6167094766,0.3754996671,3.6055512755,0.3,0.3,0.9,1,4,9,4,8,1,6,4,1,3,7,0,1,1,0,0,0
153,1102840,0,1,1,2,0,0,0,1,0,0,0,0,0,0,0,5,1,0,0,0.2,0.4,1.0056092681,10,1,-1,0,1,11,1,1,2,1,68,2,0.316227766,0.7834549463,0.293257566,3.6055512755,0.4,0.8,0.5,0,1,8,5,11,4,6,4,3,3,3,0,1,0,0,0,1
154,1136137,0,4,1,2,1,0,0,0,0,0,0,0,0,0,0,3,0,0,1,0.8,0.3,0.6164414003,11,1,-1,0,-1,6,1,1,2,1,8,3,0.3160696126,0.6449101417,0.310322413,2.0,0.7,0.7,0.6,3,2,8,3,12,2,10,4,2,1,6,0,0,0,0,0,0
155,430616,0,3,1,5,1,0,0,0,0,0,0,0,0,0,0,7,1,0,0,0.9,0.5,0.7709571973,11,1,0,0,0,0,1,1,2,1,5,2,0.3741657387,0.7109677958,0.3443835072,3.3166247904,0.4,0.1,0.9,0,0,8,2,9,5,14,9,1,4,7,0,1,1,0,1,0
156,769478,0,1,1,1,0,3,0,1,0,1,0,0,0,0,0,7,1,0,0,0.5,1.2,0.9357483636,7,1,1,0,-1,6,1,0,2,1,26,3,0.4,1.565379578,0.3583294573,2.8284271247,0.7,0.1,0.7,1,2,9,6,10,1,10,1,3,4,8,0,0,1,0,0,1
157,1238667,0,3,1,5,0,0,0,0,0,0,0,0,0,0,0,0,1,0,0,0.9,0.0,-1.0,7,1,-1,0,0,10,1,1,0,1,56,3,0.316227766,1.3579274436,0.3468429039,3.6055512755,0.8,0.8,0.5,3,1,8,5,10,4,8,7,2,0,6,0,0,1,1,0,0
158,198256,0,0,1,2,0,0,0,0,0,0,0,0,0,0,0,9,1,0,0,0.6,0.4,0.6087897831,11,1,-1,0,1,11,1,1,0,1,48,3,0.3741657387,1.3731268232,0.3907684737,2.2360679775,0.1,0.4,0.2,2,2,8,2,9,3,13,7,3,4,8,0,1,1,0,0,0
159,131933,0,2,1,6,0,0,0,1,0,1,0,0,0,0,0,9,1,0,0,0.9,0.1,0.8234834546,10,1,-1,0,-1,0,1,1,2,1,5,2,0.4242640687,0.554899291,0.3204684072,3.4641016151,0.5,0.0,0.7,4,1,8,2,11,2,11,7,0,3,11,0,1,1,0,1,0
160,1060418,0,1,1,7,1,0,1,0,0,0,0,0,0,0,0,4,0,0,0,0.8,0.3,0.5678908346,7,1,1,0,0,10,1,1,2,1,20,2,0.316227766,0.6741692163,0.3701351105,3.3166247904,0.9,0.7,0.0,1,2,8,2,9,2,4,5,2,4,7,1,1,0,0,1,0
161,630335,0,6,1,2,1,0,0,0,0,1,0,0,0,0,0,8,0,0,0,0.6,0.0,1.2562344526,10,1,-1,0,0,0,1,1,2,1,104,2,0.3741657387,0.6298366573,0.4093897898,3.4641016151,0.7,0.2,0.1,2,1,8,0,10,3,4,5,1,4,5,0,0,0,0,1,0
162,141939,0,1,1,4,0,0,0,0,1,0,0,0,0,0,0,6,1,0,0,0.9,0.5,1.4100088652,7,1,1,1,-1,1,1,1,1,1,103,2,0.4472135955,0.968405864,-1.0,3.0,0.4,0.3,0.0,2,1,8,3,7,4,11,3,0,4,4,0,1,0,0,0,0
163,593278,0,4,1,4,0,0,1,0,0,0,0,0,0,0,0,8,0,0,1,0.7,0.6,1.2077872329,4,1,-1,1,-1,1,1,1,0,1,64,2,0.423792402,0.6988331479,0.3583294573,3.4641016151,0.5,0.8,0.8,0,2,8,2,9,3,14,4,1,0,10,0,1,0,1,0,0
164,1405753,0,0,2,4,0,6,0,0,0,0,0,0,0,0,0,1,1,0,0,0.9,0.2,0.611350963,7,0,-1,0,-1,0,1,1,2,1,104,3,0.3741657387,0.6437076232,0.3615245497,3.7416573868,0.6,0.1,0.7,3,2,6,4,11,2,11,3,2,3,9,0,0,0,0,1,0
165,1366087,0,2,1,4,1,0,0,0,0,0,0,0,0,0,0,10,1,0,0,0.6,0.0,0.485412196,10,1,1,0,0,11,1,1,2,1,46,3,0.4795831523,1.0058506535,0.4306971093,3.3166247904,0.2,0.9,0.6,1,2,9,1,8,3,7,7,1,5,4,0,0,0,0,0,0
166,1472920,0,4,1,6,0,4,1,0,0,0,0,0,0,0,0,10,1,1,0,0.2,0.2,0.7960841664,7,1,-1,0,1,11,1,1,2,1,104,3,0.3741657387,0.6685373204,0.3583294573,3.6055512755,0.9,0.0,0.6,1,1,9,4,8,1,14,4,1,1,5,0,0,0,0,1,1
167,814953,0,1,1,5,1,0,1,0,0,1,0,0,0,0,0,9,1,0,0,0.6,0.5,0.6754628043,10,1,0,0,1,4,1,1,0,1,40,3,0.3741657387,0.801019495,-1.0,3.6055512755,0.3,0.8,0.1,3,2,7,2,10,0,11,6,3,1,8,0,0,1,1,0,0
168,1000331,0,3,1,3,0,0,0,0,0,0,0,0,0,0,0,6,0,0,0,0.4,0.1,0.8019507466,7,1,1,0,1,11,1,1,0,1,56,3,0.4472135955,0.737737215,0.3903844259,3.6055512755,0.1,0.1,0.5,3,1,6,4,9,1,8,6,0,3,9,0,0,1,0,1,0
169,834023,0,1,1,2,0,0,0,1,0,0,0,0,0,0,0,7,0,0,1,0.0,0.2,0.7373940602,6,1,-1,0,-1,0,1,1,2,1,70,0,0.316227766,0.9619947423,0.3887158345,3.6055512755,0.7,0.9,0.5,3,3,8,4,8,4,7,3,2,4,9,0,1,0,0,0,0
170,1019636,0,0,3,6,1,0,1,0,0,1,0,0,0,0,0,2,1,0,0,0.9,0.0,-1.0,6,1,0,0,0,15,1,1,2,1,32,3,0.4,1.0344879358,0.3070830507,3.6055512755,0.9,0.9,0.5,2,4,6,3,10,2,12,4,0,1,5,0,1,1,0,1,1
171,165715,0,1,1,4,0,0,0,0,0,0,0,0,0,0,0,11,1,0,1,0.9,0.2,0.5135659646,11,1,-1,0,-1,11,0,1,2,1,11,2,0.3741657387,0.7841798369,0.3937003937,3.1622776602,0.1,0.9,0.8,3,3,7,2,9,3,9,5,1,4,10,0,1,1,1,0,0
172,330660,0,0,1,4,0,0,1,0,0,0,0,0,0,0,0,9,0,0,0,0.3,0.3,-1.0,7,0,-1,0,-1,11,1,1,3,1,103,2,0.4,0.7096443062,0.4277849927,3.7416573868,0.8,0.2,0.8,1,2,8,2,10,2,4,12,2,2,5,0,1,1,0,0,0
173,1359134,0,0,2,7,0,6,0,1,1,1,0,0,0,0,0,6,1,1,0,0.7,0.0,-1.0,7,1,-1,0,-1,0,-1,1,0,1,64,1,0.4,0.9183168218,0.3307567082,3.3166247904,0.0,0.2,0.2,2,3,5,3,12,3,9,4,0,1,5,0,1,1,1,0,1
174,818027,0,1,1,1,0,0,1,0,0,0,0,0,0,0,0,10,1,1,0,0.6,0.0,-1.0,11,1,-1,0,-1,1,1,1,2,1,104,2,0.4,0.6329453647,0.393192065,2.2360679775,0.9,0.5,0.6,2,3,8,2,11,3,10,5,3,4,5,1,0,0,0,0,0
175,593563,0,5,1,3,1,0,1,0,0,0,0,0,0,0,0,9,0,0,0,0.4,0.4,1.5998046756,7,1,-1,0,0,1,1,1,0,1,23,3,0.316227766,0.6983007711,0.3619392214,3.4641016151,0.1,0.1,0.1,4,3,9,4,8,1,9,8,2,1,5,0,1,0,1,0,0
176,612597,0,1,1,5,0,0,1,0,0,0,0,0,0,0,0,2,1,1,0,0.2,0.0,0.8940777371,7,0,1,0,-1,14,0,1,0,1,104,2,0.4,0.7080557713,0.3212475681,3.6055512755,0.6,0.8,0.0,3,3,8,1,8,2,8,4,3,0,6,0,1,1,0,0,0
177,788980,0,0,1,9,0,0,0,0,0,0,0,0,0,0,0,7,1,0,0,0.8,0.4,1.0828203914,7,1,-1,0,-1,1,1,1,2,1,60,2,0.4472135955,0.9069463341,0.3974921383,3.6055512755,0.5,0.5,0.3,3,1,8,3,9,3,7,2,2,3,6,0,1,0,1,1,0
178,911012,0,0,1,2,0,0,1,1,1,1,0,0,0,0,0,9,0,0,0,0.3,0.5,0.2657536453,11,1,-1,8,1,14,1,1,0,1,104,2,0.3160696126,0.6884975858,0.3708099244,3.6055512755,0.6,0.0,0.9,1,2,8,2,12,3,14,6,1,4,6,0,1,1,0,0,0
179,1430732,0,3,3,6,0,0,0,0,0,0,0,0,0,0,0,8,0,0,0,0.4,0.3,0.957862203,7,1,0,0,-1,1,1,1,2,1,93,0,0.316227766,0.6982415931,0.3814446225,0.0,0.4,0.2,0.6,2,2,8,5,8,3,10,9,3,2,11,0,1,1,0,0,0
180,712863,0,1,1,4,1,1,0,0,0,1,0,0,0,0,0,12,1,0,1,0.3,1.1,0.56844085,7,1,-1,0,1,0,1,1,0,1,85,3,0.316227766,0.8770018423,0.4017461885,3.6055512755,0.1,0.7,0.3,2,1,9,4,9,2,7,8,2,1,10,0,0,1,0,0,0
181,1104535,0,1,1,3,1,0,1,1,0,1,0,0,0,0,0,8,1,0,0,0.8,0.5,1.3845125496,6,1,-1,0,-1,0,1,0,2,1,54,2,0.316227766,0.9936887618,0.3204684072,0.0,0.6,0.5,0.7,0,2,7,3,10,1,5,7,1,2,7,0,0,0,1,0,0
182,1287132,0,5,1,5,0,0,1,0,0,0,0,0,0,0,0,11,0,0,0,0.9,1.2,0.9981232389,7,1,0,0,0,0,1,1,0,1,39,3,0.316227766,0.7099790475,0.3907684737,3.4641016151,0.0,0.5,0.0,1,2,9,1,9,2,9,5,2,7,10,0,1,1,1,0,0
183,315778,0,0,1,9,0,0,0,1,0,0,0,0,0,0,0,10,1,0,0,0.3,0.6,0.5578978401,7,1,-1,0,-1,0,1,1,4,1,3,2,0.316227766,1.0040002634,0.3286335345,2.6457513111,0.2,0.8,0.0,3,2,9,2,11,1,6,8,1,1,5,0,0,0,0,0,0
184,418559,0,1,1,2,0,0,0,0,0,0,0,0,0,0,0,6,0,0,0,0.1,0.3,-1.0,11,1,-1,1,1,2,1,1,0,1,41,1,0.3741657387,0.8562241732,0.4125530269,3.0,0.7,0.8,0.9,2,3,9,2,11,3,7,4,3,2,11,0,0,0,0,0,0
185,1158484,0,0,2,5,1,0,0,0,1,0,0,0,0,0,0,11,0,0,0,0.3,0.3,0.4703721931,11,1,-1,0,1,10,1,1,0,1,97,2,0.4242640687,1.017511955,0.3849675311,3.4641016151,0.3,0.2,0.9,2,1,7,2,8,2,12,11,1,2,5,0,0,1,0,1,0
186,467110,0,3,2,1,0,0,0,0,0,0,0,0,0,0,0,7,1,0,0,0.9,0.4,0.5825590099,11,1,-1,0,0,11,1,1,0,1,87,3,0.316227766,0.7231559621,0.3814446225,2.6457513111,0.1,0.7,0.3,4,1,5,0,11,1,8,6,1,5,12,0,0,1,0,0,1
187,96036,0,0,1,2,0,4,0,0,1,0,0,0,0,0,0,5,1,0,0,0.7,0.2,0.9239859306,11,1,-1,0,-1,11,1,1,0,1,28,2,0.316227766,1.1879086248,0.4301162634,0.0,0.8,0.7,0.1,1,2,6,1,10,2,5,5,1,2,6,0,0,0,1,0,0
188,389295,0,2,1,4,1,0,1,0,0,0,0,0,0,0,0,5,1,0,0,0.9,0.0,-1.0,7,1,1,0,1,14,1,1,0,1,26,3,0.3741657387,1.0808054848,0.3246536616,3.3166247904,0.3,0.3,0.9,0,2,7,3,8,1,12,2,2,2,7,0,1,1,0,1,0
189,405897,0,0,3,1,0,0,0,0,1,0,0,0,0,0,0,13,0,1,0,0.9,1.2,0.6368869601,10,1,-1,0,0,0,1,1,0,1,104,3,0.316227766,0.60322823,0.3687817783,3.1622776602,0.2,0.9,0.2,2,2,9,4,10,3,9,7,0,3,8,1,1,0,0,0,0
190,814855,0,4,2,4,0,0,0,1,0,0,0,0,0,0,0,6,1,0,0,0.9,0.3,0.6763874629,7,1,-1,0,0,1,1,1,0,1,43,3,0.4,1.3256917733,0.3860051813,3.6055512755,0.8,0.4,0.3,2,2,10,6,9,2,6,8,2,7,6,0,1,1,1,0,0
191,211090,0,1,1,2,0,0,0,0,0,1,0,0,0,0,0,7,1,0,1,0.6,0.4,0.7945124291,7,1,-1,0,-1,0,1,0,2,1,17,3,0.316227766,0.7760623218,0.4062019202,3.4641016151,0.4,0.8,0.6,2,3,9,2,8,2,10,3,3,3,8,0,1,0,0,1,1
192,743024,0,5,1,1,1,4,0,0,1,0,0,1,0,0,0,7,1,0,0,0.5,0.4,0.6923691212,11,1,0,0,-1,0,1,1,2,1,64,3,0.3741657387,0.4535215741,0.3204684072,3.6055512755,0.3,0.8,0.4,0,0,8,1,10,3,8,6,1,0,9,0,1,0,1,0,0
193,855847,0,0,1,2,0,0,1,0,0,0,0,0,0,0,0,13,0,0,0,0.9,0.6,0.7558108229,11,1,-1,9,1,4,1,1,2,1,55,3,0.4,0.7251104219,0.3241913015,3.6055512755,0.2,0.6,0.2,2,3,9,2,5,2,18,7,0,4,7,0,1,0,0,0,0
194,491189,0,0,1,8,1,0,0,0,0,0,0,0,0,0,0,9,1,0,0,0.9,0.3,0.4616546328,11,0,-1,0,0,14,0,1,0,1,93,0,0.4242640687,0.9050706561,0.3016620626,3.4641016151,0.5,0.8,0.7,2,2,7,4,10,5,9,8,0,3,8,0,1,1,0,1,0
195,854574,0,6,1,8,1,0,1,1,0,0,0,0,0,0,0,13,1,0,0,0.7,1.8,1.1968709204,4,1,-1,0,0,14,1,1,2,1,34,2,0.316227766,0.6446858419,0.3991240409,3.6055512755,0.4,0.5,0.0,3,2,7,2,11,1,3,1,1,1,6,0,1,0,0,1,1
196,402241,0,0,1,8,0,0,1,1,0,0,0,0,0,0,0,5,0,0,0,0.2,0.0,0.5494315244,9,1,-1,0,1,11,1,1,2,1,104,0,0.3741657387,0.6351286718,0.3850973903,3.3166247904,0.1,0.6,0.8,1,0,7,2,8,3,8,5,4,5,6,1,1,1,0,1,1
197,149090,0,4,3,5,0,0,0,1,0,1,0,0,0,0,0,0,1,0,0,0.9,0.3,-1.0,7,1,-1,0,0,6,1,1,2,1,13,3,0.3160696126,2.006930142,0.4301162634,3.3166247904,0.0,0.1,0.5,2,1,8,5,7,3,10,4,1,3,5,0,1,1,0,0,1
198,353636,0,1,1,7,1,3,0,0,0,0,0,0,0,0,0,4,1,0,0,0.3,0.0,1.0943034314,11,1,-1,0,-1,0,1,1,0,1,64,0,0.4,0.8475365372,0.3920459157,3.4641016151,0.5,0.4,0.8,3,1,6,2,10,3,8,8,6,2,6,0,1,0,1,0,0
199,1139983,0,2,1,7,0,0,0,1,0,0,0,0,0,0,0,10,0,0,0,0.3,0.4,1.1924240018,7,1,0,8,1,0,1,1,2,1,3,3,0.316227766,0.9856616689,0.423083916,3.7416573868,0.7,0.2,0.7,3,1,6,2,10,2,14,5,6,1,5,0,1,0,1,0,1
200,1417632,0,1,1,9,1,0,0,0,0,0,0,0,0,0,0,8,0,1,0,0.9,0.2,0.6299801584,6,1,-1,0,0,14,1,1,0,1,51,2,0.4795831523,0.5683272541,0.3793415348,3.3166247904,0.3,0.0,0.8,2,1,6,6,11,2,11,11,1,1,10,0,1,1,0,1,0
201,722838,0,4,1,1,0,0,0,0,0,0,0,0,0,0,0,3,1,0,0,0.4,0.9,0.5055937104,11,0,-1,0,-1,1,1,0,2,1,44,2,0.3947150871,0.8246211251,0.3615245497,3.3166247904,0.9,0.1,0.4,2,1,8,3,9,1,8,2,2,3,3,0,1,0,0,1,0
202,420080,0,1,1,2,0,0,0,0,0,0,0,0,0,0,0,0,0,0,0,0.9,0.2,-1.0,10,1,-1,0,-1,11,1,1,2,1,32,3,0.3741657387,0.7468252365,0.4349712634,3.0,0.7,0.7,0.0,3,2,8,3,7,2,9,5,0,2,8,0,0,0,1,0,0
203,1162818,0,1,2,6,1,0,1,1,0,0,0,0,0,0,0,7,1,0,0,0.8,0.5,-1.0,11,1,-1,0,1,1,1,0,0,1,39,2,0.4898979486,0.884485189,-1.0,3.4641016151,0.0,0.3,0.5,0,1,10,2,11,3,9,6,1,6,9,0,0,1,0,1,0
204,211117,1,0,1,10,0,0,0,0,0,0,0,0,0,0,0,6,0,0,0,0.5,0.3,0.5706356105,11,1,-1,0,1,14,1,1,2,1,13,1,0.4472135955,0.6178307827,0.3583294573,3.6055512755,0.8,0.8,0.8,3,2,8,1,11,2,7,11,2,1,4,1,1,1,0,0,0
205,158681,0,0,1,0,1,0,1,0,0,0,0,0,0,0,0,1,1,0,0,0.9,0.6,0.8554969316,11,1,0,0,1,10,1,1,2,1,104,3,0.3872983346,0.7508810252,0.4062019202,3.1622776602,0.3,0.4,0.1,2,1,7,1,10,1,5,11,0,2,4,0,0,0,0,0,0
206,720264,0,0,1,7,1,0,0,0,0,1,0,0,0,0,0,9,0,0,0,0.9,0.6,0.5578978401,11,1,-1,1,1,10,1,1,1,1,85,3,0.316227766,0.8718034884,0.3287856445,3.1622776602,0.4,0.2,0.2,0,0,7,2,9,4,11,3,1,2,8,0,0,1,1,1,0
207,1280389,0,4,1,3,0,0,1,0,0,0,0,0,0,0,0,10,1,0,0,0.8,0.0,0.7644442426,11,1,-1,0,0,14,1,1,0,1,32,3,0.3741657387,0.8106216368,0.3887158345,3.3166247904,0.2,0.1,0.7,2,0,8,4,8,1,7,4,0,2,4,0,1,1,0,0,0
208,804497,0,3,1,1,0,0,1,0,1,0,0,0,0,0,0,2,1,0,0,0.0,0.0,1.5120350525,7,1,-1,0,0,0,1,1,2,1,87,0,0.3741657387,1.080136202,0.4185689907,1.7320508076,0.2,0.3,0.2,4,1,9,2,12,0,9,6,0,3,9,0,0,1,0,1,1
209,237609,0,0,1,1,0,4,1,1,0,0,0,0,0,0,0,2,1,0,0,0.9,0.4,0.6684870979,10,1,-1,0,-1,0,1,0,2,1,64,3,0.4,1.1345895242,0.3991240409,2.4494897428,0.0,0.2,0.0,1,2,10,3,8,3,8,2,2,4,4,1,1,0,1,0,0
210,1314956,0,0,2,2,1,0,0,0,0,0,0,0,0,0,0,8,1,0,0,0.7,1.0,0.6149186938,8,1,-1,0,0,0,1,1,2,1,74,3,0.3741657387,0.7349172102,0.3615245497,2.8284271247,0.5,0.9,0.4,2,3,8,4,10,2,6,7,3,6,10,0,1,1,1,1,0
211,1006657,0,1,1,7,0,0,0,1,0,0,0,0,0,0,0,2,1,0,1,0.9,0.3,2.2175436862,11,1,-1,0,1,6,1,1,2,1,104,3,0.4,0.7043254789,0.3814446225,2.4494897428,0.9,0.8,0.2,2,3,9,3,10,1,7,6,2,2,9,0,0,1,1,0,1
212,938376,0,7,2,0,1,0,0,0,0,0,0,0,0,0,0,12,0,0,0,0.0,0.4,0.7673004627,7,1,0,0,0,0,1,1,2,1,31,3,0.4,0.5829357165,0.3583294573,3.6055512755,0.4,0.0,0.9,0,2,7,3,9,2,3,3,0,2,8,0,1,0,0,0,1
213,644459,0,3,2,3,0,0,0,0,1,0,0,0,0,0,0,10,1,0,1,0.7,0.6,0.6571719714,7,1,1,0,1,15,1,1,4,1,103,2,0.4472135955,0.8203884385,0.4074309757,3.7416573868,0.7,0.1,0.7,2,4,9,1,7,3,10,4,0,2,4,0,1,1,0,1,0
214,598178,0,1,1,2,1,0,0,1,0,0,0,0,0,0,0,6,1,0,0,0.9,1.4,1.2354149101,7,1,0,0,-1,11,1,1,2,1,75,3,0.3741657387,1.42621559,0.3003331484,3.7416573868,0.0,0.7,0.5,1,2,8,3,8,2,9,3,0,4,4,0,1,1,0,1,0
215,634727,0,0,1,3,1,0,0,1,0,0,0,0,0,0,0,3,1,0,0,0.9,0.3,0.7681145748,7,1,-1,0,0,10,1,1,2,1,60,1,0.316227766,0.7732084064,0.4103656906,3.3166247904,0.9,0.3,0.6,2,2,4,4,8,2,10,3,0,4,5,0,0,0,0,0,1
216,1032339,0,0,2,6,0,-1,1,0,0,0,0,0,0,0,0,11,1,1,0,0.9,0.0,-1.0,4,1,-1,0,0,1,1,1,2,1,15,3,0.3160696126,0.9458368982,0.3201562119,3.7416573868,0.6,0.8,0.4,3,0,5,5,8,3,12,9,0,7,4,0,0,0,1,0,0
217,253020,0,5,4,4,0,0,0,1,0,1,0,0,0,0,0,5,0,1,0,0.9,0.4,0.4898979486,11,1,-1,0,1,14,1,1,2,1,91,3,0.316227766,0.7899157817,0.3667424164,3.6055512755,0.0,0.9,0.3,2,1,8,6,10,3,3,9,1,3,5,0,0,0,1,0,1
218,309234,0,0,1,3,0,0,0,0,0,0,0,0,0,0,0,9,1,0,0,0.6,0.2,0.6910137481,7,0,1,0,1,6,0,0,0,1,104,3,0.4242640687,1.2964908136,0.3768288736,3.1622776602,0.1,0.0,0.3,3,1,8,4,7,1,6,5,3,5,7,0,1,0,0,0,0
219,39556,0,0,1,2,1,0,1,1,0,1,0,0,0,0,0,6,1,0,0,0.5,1.3,0.8760707734,7,1,-1,0,1,14,1,1,2,1,32,3,0.316227766,0.3716447695,0.2898275349,2.8284271247,0.2,0.3,0.0,2,3,5,0,9,3,9,4,3,4,1,0,0,1,0,0,0
220,954215,0,0,1,6,1,0,0,0,0,0,0,0,0,0,0,12,1,0,0,0.7,0.2,0.6254998002,11,1,-1,0,-1,11,1,1,0,1,5,3,0.5916079783,0.6633405318,0.3248076354,0.0,0.6,0.7,0.7,3,1,8,4,12,1,7,2,0,4,7,0,1,0,0,0,0
221,540363,0,1,1,2,0,0,0,0,0,0,0,0,0,0,0,7,0,0,0,0.9,0.0,1.6977926846,7,1,1,0,-1,13,1,1,0,1,40,3,0.316227766,0.9509781828,0.3734969879,3.7416573868,0.6,0.0,0.3,3,5,7,3,8,2,10,9,3,2,9,0,1,0,0,1,1
222,136476,0,5,1,2,1,1,1,1,0,1,0,0,0,0,0,5,0,0,0,0.4,0.5,0.7262919523,7,1,1,0,-1,10,1,1,0,1,12,3,0.316227766,0.5615982211,0.3417601498,3.3166247904,0.3,0.1,0.5,1,1,7,0,9,6,9,6,1,1,8,0,1,1,0,0,0
223,38587,0,0,1,1,0,0,1,0,1,1,0,0,0,0,0,5,0,0,0,0.4,0.0,-1.0,7,1,-1,0,-1,11,1,1,0,1,1,3,0.316227766,0.7537029798,0.4,3.6055512755,0.7,0.2,0.5,3,3,10,4,10,2,10,5,2,2,9,0,1,1,0,0,0
224,1268843,0,1,2,8,0,6,0,0,0,1,0,0,0,0,0,5,1,0,0,0.6,0.0,0.6259992013,11,0,-1,0,1,11,1,1,2,1,5,2,0.4,0.6200839719,0.4679743583,3.1622776602,0.7,0.1,0.6,2,0,6,1,11,2,5,3,2,6,10,0,1,0,1,0,0
225,148691,0,0,1,3,1,0,0,1,0,1,0,0,0,0,0,7,1,0,1,0.9,0.2,1.069170239,11,1,1,0,0,1,1,0,0,1,5,2,0.316227766,0.5105255759,0.4289522118,2.8284271247,0.2,0.6,0.5,4,4,8,3,9,2,6,8,3,4,4,0,1,1,0,0,0
226,50780,0,2,2,6,1,0,0,0,0,0,0,0,0,0,0,10,0,0,0,0.9,0.5,0.7885905148,11,1,-1,0,1,10,1,1,0,1,9,3,0.316227766,0.8673365709,0.3181194744,3.7416573868,0.7,0.7,0.1,2,0,9,1,10,2,12,7,1,3,6,0,1,0,0,0,1
227,932545,0,2,1,2,0,0,1,0,0,0,0,0,0,0,0,0,0,0,0,0.7,0.0,1.1787175234,11,1,-1,0,-1,10,1,1,2,1,38,2,0.4242640687,0.8599802996,0.3033150178,3.6055512755,0.7,0.5,0.3,4,3,9,3,11,2,7,3,1,1,10,0,1,1,0,0,1
228,1272432,0,3,1,3,1,0,0,0,0,0,0,0,0,0,0,7,1,0,0,0.5,0.8,1.1263880326,11,0,0,0,-1,15,0,1,2,1,49,3,0.4242640687,1.103010531,0.3744329045,2.6457513111,0.6,0.7,0.6,1,2,8,4,11,1,9,9,3,4,9,0,1,0,0,0,0
229,1452253,0,1,1,5,1,6,0,0,0,1,0,0,0,0,0,7,0,0,0,0.9,0.0,1.675,8,1,-1,0,0,11,1,0,2,1,6,3,0.316227766,0.8440237159,0.3926830783,3.4641016151,0.6,0.1,0.6,3,3,6,2,10,2,9,6,1,3,7,0,1,0,1,0,0
230,500555,1,0,2,9,0,0,0,0,1,0,0,0,0,0,0,6,1,0,0,0.9,1.3,0.6768493185,6,0,-1,0,-1,10,1,1,2,1,104,3,0.4242640687,0.6877319293,0.299165506,3.6055512755,0.7,0.5,0.6,2,2,8,3,7,3,7,6,2,3,4,0,0,1,0,0,0
231,1300635,0,4,2,6,1,0,0,0,1,0,0,0,0,0,0,5,1,0,0,0.9,1.2,1.3141061601,7,1,-1,1,-1,11,1,1,4,1,104,1,0.4242640687,0.6364123358,0.3687817783,3.4641016151,0.1,0.6,0.8,0,0,10,1,10,3,7,6,1,5,7,0,1,0,0,0,1
232,294018,0,0,1,4,1,0,0,0,0,0,0,0,0,0,0,0,1,0,0,0.3,1.2,0.7874007874,7,1,-1,0,0,1,1,1,2,1,83,3,0.316227766,0.9157934734,0.3984971769,0.0,0.1,0.6,0.4,0,1,10,5,12,4,6,5,2,2,11,1,1,1,1,0,0
233,706202,0,2,1,4,0,0,0,0,0,0,0,0,0,0,0,8,0,0,0,0.9,0.6,0.8503675676,11,1,1,0,0,1,1,1,2,1,104,3,0.3994996871,0.8268605367,0.4125530269,3.3166247904,0.2,0.5,0.2,0,2,10,2,7,0,10,9,1,4,8,0,0,0,0,0,1
234,649321,0,1,1,2,0,0,0,0,0,0,0,0,0,0,0,8,1,0,0,0.6,0.6,0.85732141,8,0,1,0,1,10,1,1,2,1,104,1,0.4472135955,1.140619304,0.3861346915,2.8284271247,0.8,0.7,0.6,2,0,7,5,10,2,7,5,2,2,7,1,0,1,0,0,0
235,786449,0,0,2,3,0,0,0,0,0,0,0,0,0,0,0,9,0,0,0,0.3,0.1,0.8724964183,7,1,-1,0,1,0,1,1,2,1,100,2,0.316227766,0.7722458393,0.3286335345,3.6055512755,0.5,0.1,0.1,2,2,8,3,11,2,10,9,0,3,8,0,0,1,0,0,1
236,497539,0,0,1,2,0,0,0,0,0,0,0,0,0,0,0,4,0,0,0,0.9,0.0,0.504356025,11,1,-1,0,1,0,1,1,0,1,55,2,0.4472135955,0.7143887175,0.500999002,2.2360679775,0.3,0.4,0.6,4,2,6,3,6,3,8,6,0,5,10,0,0,1,0,0,0
237,124248,0,0,1,5,1,0,0,1,0,1,0,0,0,0,0,6,0,0,0,0.6,0.4,-1.0,11,1,1,0,0,1,1,1,0,1,51,3,0.3741657387,0.7082745884,0.4679743583,3.1622776602,0.8,0.9,0.3,3,1,7,4,9,2,9,5,0,2,9,0,0,0,0,1,0
238,34241,0,1,2,9,0,0,1,0,0,0,0,0,0,0,0,5,0,0,1,0.0,0.4,0.7145802964,6,1,1,0,0,0,1,1,2,1,101,3,0.3997499218,0.9537724142,0.5004997502,3.6055512755,0.6,0.1,0.0,1,0,8,3,7,2,3,3,2,5,11,0,1,1,0,0,0
239,1358519,0,3,1,9,0,0,1,1,0,0,0,0,0,0,0,7,0,0,0,0.0,0.5,1.0735455277,11,1,-1,0,1,4,1,1,1,1,104,3,0.4472135955,0.77654538,0.3958535083,0.0,0.4,0.4,0.0,3,4,7,5,9,0,12,5,1,3,4,1,0,0,0,0,0
240,70508,0,1,3,2,0,0,0,0,0,1,0,0,0,0,0,2,1,0,0,0.9,1.2,0.514781507,7,1,-1,0,1,11,1,1,2,1,51,3,0.316227766,0.6221961903,0.3640054945,3.3166247904,0.2,0.7,0.0,3,2,10,4,5,2,5,7,2,0,12,0,1,0,1,0,0
241,524445,0,0,2,6,0,0,0,0,0,0,0,0,0,0,0,12,1,0,0,0.9,0.1,0.8821139382,11,1,-1,0,-1,1,0,0,2,1,70,3,0.316227766,0.6236887071,0.3340658618,3.0,0.6,0.2,0.1,1,3,8,3,7,2,5,8,0,5,6,0,1,1,0,1,0
242,1299424,0,3,1,7,0,6,0,1,0,0,0,0,0,0,0,4,1,0,0,0.9,0.3,0.2561737691,11,1,0,0,-1,1,0,1,2,1,104,3,0.4242640687,0.6103616324,0.3003331484,3.3166247904,0.0,0.6,0.5,0,1,8,4,7,3,3,7,2,4,9,0,0,0,1,0,0
243,557348,0,2,1,1,0,0,0,1,0,0,0,0,0,0,0,0,1,0,1,0.8,1.0,1.2344026896,11,1,-1,0,-1,10,1,1,0,1,86,3,0.4,1.1441099612,0.4086563348,3.4641016151,0.9,0.7,0.3,1,2,10,3,9,1,12,8,1,2,7,0,1,1,0,0,0
244,55958,0,2,1,2,1,0,1,0,0,0,0,0,0,0,0,10,1,0,0,0.9,0.0,1.1152354012,11,1,-1,0,-1,1,1,1,2,1,32,2,0.316227766,0.6836037226,0.3819685851,3.4641016151,0.4,0.3,0.9,5,1,10,2,9,2,11,5,2,0,8,0,1,1,0,0,0
245,406865,0,1,1,7,1,4,0,0,0,0,0,0,0,0,0,5,1,0,0,0.9,0.1,-1.0,11,0,1,0,-1,1,1,1,2,1,47,2,0.3994996871,0.6069688271,0.4549725266,3.1622776602,0.1,0.2,0.9,1,3,10,2,10,2,7,7,0,8,10,0,0,1,1,1,0
246,880762,0,3,2,5,0,0,0,1,0,1,0,0,0,0,0,4,1,0,0,0.1,0.2,0.5522680509,11,1,1,9,0,0,1,1,2,1,104,3,0.316227766,0.799638348,0.3860051813,1.7320508076,0.2,0.5,0.3,2,1,7,4,9,1,8,5,2,3,6,0,0,1,0,0,0
247,1349774,0,1,1,4,0,0,0,0,1,0,0,0,0,0,0,8,1,1,0,0.1,1.3,0.7988272654,4,1,-1,2,-1,10,1,1,4,1,104,3,0.316227766,0.3530270516,0.374566416,2.8284271247,0.0,0.5,0.7,3,1,6,2,10,4,5,3,2,4,8,0,1,1,0,0,0
248,310611,0,0,1,2,0,0,1,0,0,0,0,0,0,0,0,6,1,0,0,0.8,0.5,0.9327379053,11,1,-1,0,1,1,1,1,0,1,71,2,0.445421149,0.5598664244,-1.0,3.0,0.9,0.6,0.2,2,4,3,3,10,1,5,3,0,2,10,0,1,1,1,0,0
249,707265,0,0,2,2,0,0,1,0,1,0,0,0,0,0,0,2,0,0,0,0.9,0.9,0.8477912479,11,1,1,0,-1,4,1,1,0,1,83,2,0.316227766,0.6325371972,0.3583294573,3.1622776602,0.4,0.1,0.6,2,2,10,4,7,3,8,5,3,3,9,1,1,1,0,0,0
250,527981,0,1,1,4,1,0,0,0,0,0,0,0,0,0,0,10,0,0,0,0.9,0.7,0.9915266008,9,1,1,0,-1,0,1,0,2,1,104,0,0.4,1.0083330487,0.4519955752,3.7416573868,0.7,0.3,0.8,1,1,8,3,10,2,10,7,0,5,4,1,0,1,1,0,0
251,298650,0,0,2,3,0,0,0,1,0,0,0,0,0,0,0,5,1,0,0,0.5,0.4,0.8038967595,11,0,-1,0,1,14,1,0,2,1,74,2,0.4458699362,0.6770896641,0.3591656999,3.4641016151,0.7,0.8,0.5,0,2,9,4,10,3,7,6,0,3,6,0,1,1,0,1,0
252,1464886,0,0,2,3,1,0,0,0,0,1,0,0,0,0,0,5,1,0,0,0.7,0.6,-1.0,7,1,-1,0,1,1,-1,0,2,1,78,2,0.316227766,0.5443739296,0.4093897898,3.6055512755,0.2,0.1,0.6,2,0,9,4,11,2,2,4,1,4,2,0,0,1,1,0,0
253,1053381,0,2,1,1,0,0,1,0,0,1,0,0,0,0,0,12,0,0,0,0.7,0.0,1.2661457262,11,0,-1,0,-1,11,1,1,2,1,65,1,0.4472135955,1.3234456031,0.3817066937,3.4641016151,0.5,0.9,0.5,3,1,9,1,9,3,7,5,2,2,6,0,0,0,0,1,1
254,739957,0,2,1,2,1,0,0,1,1,0,0,0,0,0,0,13,1,0,0,0.3,1.5,1.2661457262,6,1,-1,0,-1,0,1,1,2,1,100,0,0.4242640687,0.6490297909,0.3583294573,3.7416573868,0.3,0.8,0.3,4,1,9,2,8,2,9,1,2,1,6,0,1,0,0,0,0
255,1285388,0,1,1,7,1,0,1,0,1,0,0,0,0,0,0,12,1,1,0,0.9,1.0,0.6077622891,11,1,-1,0,0,1,1,1,2,1,86,3,0.316227766,0.7318746449,0.4458699362,3.4641016151,0.4,0.1,0.4,4,1,7,2,5,5,9,4,3,6,5,0,0,1,0,0,0
256,926535,0,1,2,2,1,0,0,0,1,0,0,0,0,0,0,7,0,0,0,0.3,0.5,1.2487493744,6,1,-1,0,-1,0,1,1,2,1,61,2,0.316227766,0.6868902254,0.3861346915,3.6055512755,0.7,0.1,0.9,3,1,8,4,10,5,14,3,1,0,11,0,1,1,1,1,0
257,57974,0,7,2,4,0,0,1,0,1,0,0,0,0,0,0,8,1,0,1,0.9,0.0,-1.0,7,0,0,0,-1,1,1,1,2,1,6,3,0.316227766,0.6738458146,0.3640054945,2.6457513111,0.9,0.5,0.3,4,1,6,2,8,1,6,4,0,0,4,0,1,1,0,0,0
258,573477,0,7,2,0,0,0,1,1,0,1,0,0,0,0,0,8,1,0,0,0.9,0.2,0.7101936356,7,1,-1,0,-1,6,1,1,2,1,10,1,0.316227766,0.7140705107,0.3070830507,1.0,0.9,0.9,0.5,4,3,8,5,10,0,8,5,1,5,8,1,1,1,0,1,0
259,1198335,0,0,1,7,0,0,0,1,0,0,0,0,1,0,0,1,1,0,0,0.9,1.3,1.0758717396,10,1,1,0,0,0,1,1,0,1,77,2,0.4,0.7246401216,0.3583294573,0.0,0.3,0.4,0.9,1,2,9,4,8,2,4,4,1,4,2,1,0,1,0,0,0
260,1149837,0,5,1,3,0,0,1,1,1,0,0,0,0,0,0,10,1,0,1,0.6,0.0,0.6417748826,11,1,-1,0,1,4,1,1,2,1,78,3,0.4,0.6981972063,-1.0,3.0,0.4,0.1,0.6,3,2,8,2,8,4,8,7,2,5,8,0,0,0,0,0,0
261,1447982,0,1,1,4,0,0,1,0,0,0,0,0,0,0,0,3,1,0,0,0.8,0.2,0.7106335202,6,1,-1,0,1,1,1,1,2,1,71,2,0.3741657387,0.9092499861,0.3744329045,3.6055512755,0.2,0.5,0.3,2,3,7,3,8,4,7,8,0,2,7,0,1,1,0,0,0
262,247666,0,1,1,8,0,0,1,0,0,0,0,0,0,0,0,11,0,1,0,0.9,1.4,1.6103182915,10,1,-1,0,1,14,1,0,0,1,32,3,0.316227766,0.8210178122,0.3507135583,3.6055512755,0.0,0.1,0.8,2,2,5,3,10,1,11,3,0,3,6,0,1,1,1,1,0
263,859224,0,1,1,9,0,0,0,0,0,0,0,0,0,0,0,9,1,0,0,0.6,0.6,-1.0,7,1,1,2,-1,10,1,1,2,1,11,2,0.316227766,1.0652280243,0.4180908992,3.4641016151,0.1,0.3,0.8,4,3,5,6,11,1,18,4,2,5,3,0,0,1,0,1,0
264,1328174,1,0,1,2,0,0,0,0,0,0,0,0,0,0,0,10,0,0,1,0.9,0.2,0.6955213872,6,1,-1,0,1,11,1,1,0,1,70,2,0.4,0.6881073576,0.3974921383,1.4142135624,0.0,0.8,0.8,1,1,6,6,10,1,9,3,1,4,8,0,1,0,0,1,0
265,551289,0,0,2,5,0,3,0,1,0,1,0,0,0,0,0,2,1,0,0,0.1,0.5,0.6552671211,7,1,-1,0,-1,14,1,0,2,1,44,0,0.4,0.6179143807,0.3685105155,2.6457513111,0.1,0.5,0.5,3,2,8,3,10,4,2,1,3,2,11,0,1,0,1,0,0
266,1238743,0,0,2,5,0,0,1,1,0,0,0,0,0,0,0,7,0,0,0,0.8,0.1,-1.0,7,1,-1,0,0,14,1,1,2,1,89,3,0.3155946768,0.7594582671,0.36138622,3.1622776602,0.7,0.4,0.6,1,5,9,4,10,4,8,5,0,2,6,0,1,1,0,1,0
267,1433721,0,6,1,7,0,0,0,0,0,0,0,0,0,0,0,3,0,0,0,0.9,0.2,0.6823672032,5,1,-1,0,-1,6,1,0,2,1,55,3,0.4472135955,0.8261480867,0.4588027899,2.6457513111,0.0,0.9,0.4,4,1,6,2,10,2,13,7,0,0,6,0,0,1,0,1,0
268,267981,0,1,2,2,0,0,1,0,1,0,0,0,0,0,0,7,1,0,0,0.4,0.0,1.0148891565,11,1,-1,0,-1,17,1,1,2,1,28,1,0.4242640687,0.7137449252,0.4358898944,2.6457513111,0.3,0.6,0.2,3,1,9,2,9,1,5,3,0,1,8,0,1,1,1,0,0
269,351274,0,0,2,6,0,0,0,0,1,0,0,0,0,0,0,7,0,0,0,0.7,0.2,0.8821139382,11,1,-1,0,-1,0,1,0,2,1,70,3,0.3741657387,0.7413272663,0.3848376281,3.7416573868,0.7,0.6,0.7,0,2,9,2,7,1,10,7,1,2,10,0,1,1,1,0,0
270,199533,0,4,2,1,1,0,0,0,1,0,0,0,0,0,0,5,0,0,0,0.9,1.2,1.0793516572,7,1,1,0,0,0,1,1,2,1,42,3,0.4,1.6891293787,0.3817066937,3.6055512755,0.2,0.1,0.9,3,4,8,4,7,2,16,6,3,1,10,0,1,0,1,0,0
271,92644,0,1,1,5,1,0,1,0,0,0,0,0,0,0,0,3,0,0,1,0.6,1.7,1.8328597873,11,1,1,0,-1,9,1,1,0,1,30,3,0.4,0.8197207749,0.4185689907,3.0,0.5,0.0,0.4,1,2,8,3,9,1,7,4,0,2,5,0,1,1,0,0,0
272,1297451,0,1,1,1,0,0,0,0,0,0,0,0,0,0,0,8,1,0,1,0.1,0.4,0.6214901447,9,1,-1,0,-1,4,1,1,2,1,5,2,0.316227766,0.6518552671,0.3583294573,3.7416573868,0.6,0.3,0.2,2,5,9,3,10,1,7,7,0,4,4,1,1,0,0,0,0
273,557838,0,3,2,7,0,0,1,0,1,1,0,0,0,0,0,3,1,0,0,0.5,0.5,-1.0,6,1,-1,0,-1,14,1,1,2,1,32,1,0.316227766,0.8012129235,0.3926830783,3.3166247904,0.9,0.9,0.7,1,3,9,2,12,2,9,3,3,5,7,0,0,1,0,0,0
274,1119033,0,4,1,5,0,0,1,0,0,0,0,0,0,0,0,12,0,0,1,0.9,0.5,-1.0,7,1,-1,0,-1,11,1,1,0,1,103,1,0.5477225575,1.3288595744,0.2738612788,2.8284271247,0.0,0.0,0.7,3,0,10,4,9,4,10,6,2,6,9,0,1,1,1,1,0
275,424895,0,1,1,1,0,0,0,1,0,0,0,0,0,0,0,1,1,0,1,0.9,1.1,0.4886205071,9,1,1,0,1,1,1,1,2,1,64,3,0.4,0.7509910807,0.3687817783,3.1622776602,0.0,0.6,0.2,3,3,7,3,9,1,13,8,0,3,8,0,1,0,0,1,1
276,72782,0,0,1,6,0,-1,0,1,1,1,0,0,0,0,0,0,0,0,0,0.9,0.2,0.9978101022,10,1,-1,0,1,1,1,1,0,1,68,1,0.3741657387,0.7387027942,0.4975942122,1.0,0.5,0.2,0.3,4,1,6,1,9,5,6,2,1,3,5,1,1,1,0,0,1
277,309273,0,0,3,6,0,0,1,0,0,0,0,0,0,0,0,10,0,0,0,0.7,0.0,0.6656763478,11,1,-1,0,0,11,1,1,2,1,46,3,0.4242640687,0.8898532705,0.3849675311,3.1622776602,0.8,0.9,0.4,2,1,10,3,9,4,10,7,2,3,10,0,1,1,0,1,0
278,964090,0,7,1,5,0,0,0,0,1,0,0,0,0,0,0,10,1,0,0,0.3,0.0,0.7945124291,7,1,1,0,-1,0,1,1,2,1,92,3,0.316227766,0.8258854502,0.438520239,3.4641016151,0.9,0.8,0.5,3,1,7,1,7,3,4,3,2,3,7,0,1,1,0,0,0
279,387516,0,0,1,2,0,0,1,0,0,0,0,0,0,0,0,12,0,0,0,0.7,0.2,-1.0,7,1,-1,0,0,9,1,1,0,1,67,3,0.3741657387,0.8443663574,0.4358898944,3.1622776602,0.5,0.4,0.7,4,2,9,2,11,2,6,10,1,6,9,1,0,1,0,0,0
280,1127668,0,5,1,3,1,0,1,1,0,0,0,0,0,0,0,12,1,0,1,0.9,0.5,-1.0,5,1,-1,0,-1,1,1,0,0,1,104,3,0.4,0.8587060225,0.3984971769,3.3166247904,0.4,0.0,0.8,1,2,9,2,8,2,9,6,1,3,5,0,0,0,0,0,1
281,132322,0,5,1,8,1,0,0,0,1,1,0,0,0,0,0,6,0,0,0,0.3,0.3,-1.0,7,1,-1,0,1,0,1,0,2,1,28,3,0.4,1.113914622,0.3190611227,3.6055512755,0.4,0.5,0.0,2,2,7,3,8,2,7,5,0,3,12,0,1,0,0,0,0
282,1309391,0,0,2,5,0,0,1,0,0,1,0,0,0,0,0,5,1,0,1,0.8,0.8,0.5777110004,6,0,0,0,1,7,1,0,2,1,60,1,0.3981205847,0.746520856,0.3708099244,3.4641016151,0.2,0.1,0.3,4,2,9,3,10,1,11,3,1,5,9,0,1,0,0,1,0
283,1396005,1,4,1,2,0,0,0,1,0,0,0,0,0,0,0,10,1,0,0,0.6,0.4,0.8385254916,11,0,-1,0,1,14,1,1,2,1,69,3,0.316227766,1.0151334236,0.3974921383,2.6457513111,0.6,0.7,0.0,3,3,5,1,11,3,9,6,2,7,9,0,1,0,0,0,0
284,74173,0,5,1,2,1,4,0,0,1,0,0,0,1,0,0,2,1,0,0,0.7,0.4,0.8488963423,9,0,0,2,1,0,1,1,0,1,43,3,0.316227766,1.5079678187,0.3542597917,3.4641016151,0.7,0.2,0.3,3,0,8,5,8,2,7,2,1,8,4,0,0,0,0,1,0
285,1326067,0,1,1,4,0,0,1,0,0,0,0,0,0,0,0,8,0,1,0,0.7,0.8,1.2216791723,7,1,1,0,0,10,1,1,0,1,68,3,0.316227766,0.8412284406,0.4,3.6055512755,0.7,0.6,0.3,3,2,9,5,9,2,7,5,3,4,16,0,1,1,0,0,1
286,1330967,0,1,1,1,0,0,1,1,0,1,0,0,0,0,0,10,1,0,0,0.9,0.9,0.6154266813,9,1,-1,0,0,0,1,1,0,1,5,3,0.4242640687,0.8768369148,0.3663331817,3.6055512755,0.9,0.4,0.7,4,2,7,3,10,2,9,3,1,2,8,0,1,1,0,0,0
287,783170,0,6,1,7,0,0,1,0,1,0,0,0,0,0,0,11,1,0,0,0.5,1.3,1.0271319292,11,1,0,0,0,1,1,1,2,1,25,3,0.4898979486,0.8323892724,0.374566416,3.4641016151,0.9,0.6,0.9,3,1,7,4,11,5,5,0,1,4,5,0,1,1,0,0,0
288,1243166,0,1,1,5,0,0,0,1,1,0,0,0,0,0,0,9,1,0,0,0.2,0.7,0.7673004627,7,1,-1,0,-1,0,1,1,2,1,86,2,0.316227766,0.8349914633,0.5204805472,3.3166247904,0.7,0.2,0.9,2,2,7,3,10,4,7,8,0,1,8,0,1,1,0,0,0
289,1407023,0,0,1,1,0,0,1,0,0,0,0,0,0,0,0,3,1,0,0,0.6,0.3,0.9486832981,11,1,-1,0,-1,14,1,0,2,1,92,1,0.316227766,0.6799930116,0.3626292873,3.6055512755,0.0,0.8,0.4,2,4,7,2,7,3,8,7,3,2,8,1,1,0,1,0,0
290,1014468,0,0,1,7,1,3,0,0,0,0,0,0,0,0,0,7,1,0,0,0.2,0.4,1.0170422803,11,1,-1,0,0,7,1,1,0,1,103,3,0.3974921383,0.90267051,0.3687817783,3.7416573868,0.6,0.9,0.0,1,1,8,1,9,3,10,6,1,5,8,0,1,0,0,0,0
291,186897,0,3,1,8,1,0,1,0,0,0,0,0,0,0,0,6,1,1,0,0.9,0.3,1.6537835409,11,1,1,0,1,10,1,0,0,1,88,2,0.316227766,1.5954480704,0.3313608305,2.2360679775,0.4,0.2,0.2,2,3,7,2,10,5,8,6,1,2,6,0,1,0,0,0,0
292,775095,0,2,1,4,0,0,1,0,0,0,0,0,0,0,0,4,1,0,0,0.9,0.5,-1.0,11,1,-1,0,-1,0,1,1,0,1,79,2,0.316227766,0.8767190905,0.2944486373,2.0,0.9,0.6,0.1,4,1,8,2,10,3,11,4,2,2,6,0,0,1,0,0,1
293,320176,0,0,1,2,0,0,1,0,0,0,0,0,0,0,0,7,1,0,0,0.9,0.8,0.6712860791,11,0,-1,0,-1,0,1,1,0,1,44,2,0.4472135955,0.7987593686,0.3070830507,3.6055512755,0.6,0.6,0.7,2,2,7,2,10,2,6,4,2,4,7,0,1,0,0,1,0
294,566988,0,1,1,2,1,0,0,1,0,0,0,0,0,0,0,4,0,0,0,0.9,0.0,1.4974979132,7,1,-1,0,0,14,1,1,2,1,68,3,0.4242640687,0.786573146,0.2944486373,3.6055512755,0.4,0.9,0.1,4,2,6,4,11,1,8,4,1,3,9,0,1,1,0,0,0
295,433337,0,0,2,2,0,0,1,1,0,0,0,0,0,0,0,12,0,0,0,0.5,0.4,0.6986594306,11,0,-1,0,-1,11,1,0,0,1,62,2,0.4,0.7499035751,0.3685105155,3.1622776602,0.7,0.2,0.9,0,2,9,0,10,4,9,3,1,3,11,0,1,1,0,1,0
296,428756,0,1,1,2,0,0,1,0,0,0,0,0,0,0,0,3,0,0,0,0.4,0.5,-1.0,9,0,-1,0,0,1,1,0,2,1,103,3,0.3741657387,0.808669451,-1.0,3.0,0.6,0.3,0.0,4,2,7,2,9,1,6,6,4,1,8,0,1,0,0,1,0
297,1263822,0,5,1,6,0,0,0,1,0,0,0,0,0,0,0,8,1,0,0,0.7,0.0,1.1505433499,11,1,-1,0,-1,15,0,1,2,1,104,3,0.3741657387,0.5981721469,0.3619392214,0.0,0.0,0.3,0.0,2,3,7,3,10,2,14,6,0,0,8,0,0,0,1,1,1
298,446918,0,2,3,6,1,0,0,1,0,0,0,0,0,0,0,11,1,0,0,0.9,0.3,-1.0,11,1,1,0,1,11,1,1,2,1,104,3,0.4472135955,0.6818636348,0.3583294573,1.7320508076,0.3,0.3,0.7,3,2,6,3,8,4,11,6,1,2,9,0,1,1,1,0,1
299,403677,0,3,1,10,1,4,1,0,0,0,0,0,0,0,0,12,1,0,1,0.8,1.3,1.7933906434,10,1,-1,1,1,1,1,1,0,1,29,3,0.3160696126,0.6278653327,0.3974921383,3.4641016151,0.5,0.3,0.9,2,3,8,2,8,4,9,6,1,3,8,0,1,1,0,0,1
300,501366,0,3,1,7,1,0,0,0,1,0,0,0,0,0,0,11,1,0,0,0.9,0.8,1.7155538464,10,1,1,0,-1,1,1,1,0,1,14,3,0.4242640687,0.3933853913,0.3619392214,3.0,0.9,0.4,0.4,1,1,7,2,7,4,12,8,4,2,3,0,1,0,0,0,0
301,869142,0,1,1,9,0,0,0,0,0,1,0,0,0,0,0,12,0,0,0,0.9,0.2,-1.0,11,1,-1,1,-1,14,1,1,0,1,38,3,0.4472135955,0.5188791162,0.4185689907,3.6055512755,0.8,0.3,0.2,3,0,9,0,9,1,12,5,6,3,4,0,1,1,0,0,0
302,811191,1,1,1,7,0,0,1,1,1,1,0,0,0,0,0,11,1,0,0,0.8,0.2,0.8835298524,6,1,-1,0,-1,9,1,1,0,1,103,2,0.4795831523,0.8294676178,0.4074309757,3.3166247904,0.7,0.5,0.3,4,1,7,3,10,1,13,7,0,5,6,0,0,0,1,0,1
303,1442739,0,4,1,2,0,0,0,0,0,0,0,0,0,0,0,5,0,0,0,0.9,0.1,0.4451123454,7,1,-1,0,-1,10,1,1,0,1,104,2,0.3157530681,0.5878592624,0.3820994635,3.6055512755,0.9,0.4,0.4,4,1,7,5,8,3,10,3,1,1,8,0,0,1,0,0,0
304,68151,0,0,1,2,1,0,0,1,0,0,0,0,0,0,0,11,0,0,0,0.9,0.7,0.7945124291,11,1,-1,0,-1,0,1,1,2,1,69,3,0.3741657387,0.8248591164,0.3324154028,3.6055512755,0.8,0.1,0.2,2,3,7,2,9,2,16,3,1,5,7,0,1,1,0,0,0
305,814607,0,0,1,5,0,0,1,0,0,1,0,0,0,0,0,5,1,0,1,0.8,0.0,1.4131082761,9,1,-1,2,-1,4,1,1,2,1,87,3,0.316227766,0.7619841433,0.3710795063,2.6457513111,0.8,0.3,0.7,3,2,7,3,8,3,7,3,0,2,8,0,1,0,0,1,0
306,21760,0,2,1,2,0,0,0,0,0,0,0,0,0,0,0,10,1,1,1,0.3,0.8,1.0685855137,11,1,-1,0,1,11,1,1,2,1,64,3,0.3741657387,0.6300334505,0.3748332963,2.2360679775,0.0,0.4,0.6,3,1,5,3,11,2,6,3,2,2,7,0,1,1,0,0,1
307,432723,1,1,2,2,0,0,0,0,1,0,0,0,0,0,0,4,0,0,0,0.0,1.2,0.8492643876,11,1,-1,0,-1,11,1,0,2,1,28,3,0.4242640687,1.0215144324,0.2944486373,3.3166247904,0.2,0.2,0.0,2,2,7,3,10,1,6,8,0,3,10,0,1,1,1,0,0
308,1085899,0,5,1,3,1,0,1,0,0,0,0,0,0,0,0,4,1,0,0,0.6,0.3,1.7836058982,11,0,-1,8,0,14,1,1,0,1,104,3,0.3741657387,0.7604234358,0.4679743583,3.3166247904,0.7,0.6,0.0,3,4,9,2,10,2,11,1,0,2,8,0,1,1,0,1,0
309,537891,1,1,2,10,1,0,1,0,0,0,0,0,0,0,0,12,0,0,0,0.9,0.1,0.7866066361,4,1,1,0,-1,11,1,1,2,1,74,3,0.3741657387,1.0464323491,0.4062019202,3.0,0.2,0.3,0.2,1,2,4,5,10,1,15,4,0,3,9,0,1,1,1,0,0
310,446684,0,3,1,6,0,0,0,0,1,1,0,0,0,0,0,5,0,0,0,0.2,0.5,0.4993746089,7,1,1,0,-1,14,1,1,0,1,4,3,0.4,0.7123468372,0.4098780306,2.0,0.5,0.0,0.1,1,2,5,3,6,4,10,9,4,2,17,1,1,1,0,1,1
311,241805,0,1,1,5,0,0,1,0,0,0,0,0,0,0,0,4,1,0,0,0.1,0.3,1.5986322279,4,1,1,0,-1,11,1,1,0,1,70,3,0.4,0.6846758297,0.4086563348,3.3166247904,0.4,0.7,0.6,3,1,7,5,9,2,16,6,4,5,4,0,0,0,1,1,0
312,759606,0,1,4,6,0,0,0,0,0,0,0,0,0,0,0,7,0,0,0,0.9,0.2,1.074709263,10,1,1,0,0,1,1,1,2,1,57,3,0.4,0.406329061,0.3424908758,3.1622776602,0.1,0.9,0.8,2,3,8,5,10,2,14,5,0,2,8,0,1,1,0,0,1
313,404560,0,3,1,11,1,0,1,0,0,0,0,0,0,0,0,7,0,0,0,0.6,0.5,0.8831760866,11,1,-1,0,-1,1,1,1,2,1,11,3,0.4469899328,0.4975767726,0.3860051813,3.6055512755,0.2,0.1,0.7,2,0,6,4,10,3,9,5,3,2,7,0,0,0,0,0,0
314,386447,0,2,1,8,0,0,0,0,0,0,0,0,0,0,0,13,0,0,0,0.8,0.1,-1.0,7,1,-1,0,1,7,1,0,2,1,82,3,0.316227766,0.5874373538,0.2944486373,2.8284271247,0.8,0.1,0.7,1,0,8,0,9,4,10,10,3,4,7,0,1,0,0,0,0
315,2604,0,1,1,3,1,6,1,0,0,0,0,0,0,0,0,13,1,0,1,0.9,0.3,0.7619875327,10,1,-1,1,0,8,0,1,0,1,78,3,0.3741657387,1.0919786424,0.3542597917,2.2360679775,0.0,0.0,0.9,2,4,5,2,10,1,7,6,0,3,10,0,1,0,0,0,0
316,1007295,0,0,1,9,1,0,1,0,0,1,0,0,0,0,0,6,1,0,0,0.4,0.4,0.9110433579,6,1,-1,0,-1,9,1,1,2,1,104,3,0.3160696126,0.7029013074,0.4086563348,3.4641016151,0.8,0.3,0.7,2,2,9,3,7,1,7,2,2,3,8,0,1,1,0,0,0
317,1130953,0,0,2,3,0,4,0,0,0,0,0,0,0,0,0,0,0,0,0,0.4,1.2,0.9127568132,10,1,-1,0,-1,10,1,1,2,1,5,2,0.4,0.8005292671,0.3820994635,3.7416573868,0.8,0.1,0.8,4,1,10,4,7,3,9,4,3,3,8,0,0,1,0,1,0
318,988201,0,0,2,7,0,-1,0,0,0,1,0,0,0,0,0,12,1,0,0,0.3,0.0,1.3576173982,7,1,-1,0,-1,6,1,1,0,1,103,2,0.316227766,0.8412284406,0.4074309757,3.6055512755,0.2,0.3,0.8,2,1,8,2,11,1,9,1,1,2,9,0,1,0,0,1,0
319,1355768,0,1,1,9,1,0,1,1,1,0,0,0,0,0,0,13,1,0,0,0.9,1.3,0.3640054945,9,1,-1,0,-1,9,1,0,2,1,31,1,0.316227766,0.5703956869,0.3224903099,3.7416573868,0.9,0.8,0.1,0,2,10,3,7,2,12,4,0,1,5,0,1,1,0,1,0
320,626805,0,0,1,6,0,6,0,0,0,0,0,0,0,0,0,5,0,1,0,0.9,0.0,1.3453624047,11,1,-1,0,1,0,1,1,2,1,100,3,0.4,0.6426153947,0.4180908992,3.4641016151,0.9,0.8,0.9,3,0,8,3,8,1,10,4,3,2,9,0,0,1,0,0,0
321,813881,0,1,1,2,1,0,0,0,0,0,0,0,0,0,0,13,1,0,0,0.4,0.4,1.4863966496,7,1,1,0,1,1,-1,1,0,1,11,2,0.4472135955,0.8426762758,0.3521363372,3.6055512755,0.7,0.8,0.8,2,1,7,4,10,3,9,8,4,3,5,0,0,0,0,0,1
322,693995,0,0,1,2,0,0,1,0,0,0,0,0,0,0,0,10,1,0,0,0.9,0.4,-1.0,10,1,-1,0,1,0,1,0,0,1,104,2,0.316227766,0.6805290844,0.3744329045,3.3166247904,0.0,0.0,0.4,4,5,8,3,11,2,14,5,1,3,11,0,0,1,0,0,0
323,697747,0,0,1,8,1,0,0,0,0,0,0,0,0,0,0,7,0,0,0,0.7,0.2,1.0908712115,7,1,-1,0,1,11,1,1,0,1,39,3,0.4469899328,0.8370550502,0.3687817783,2.2360679775,0.8,0.6,0.1,1,3,9,1,12,4,11,7,0,2,9,0,1,1,0,0,0
324,816759,0,1,2,9,1,0,0,0,0,0,0,0,0,0,0,7,0,1,0,0.7,0.1,-1.0,11,1,1,0,1,1,1,1,0,1,104,3,0.5477225575,0.8877611361,0.3008321791,1.4142135624,0.5,0.6,0.5,3,0,10,3,10,3,7,8,1,4,11,0,0,1,0,0,0
325,1169105,0,2,4,1,1,0,0,0,0,0,0,0,0,0,0,10,1,0,0,0.4,0.1,1.0644834428,7,1,-1,0,1,11,1,1,2,1,67,3,0.3997499218,0.5959054504,0.3860051813,3.3166247904,0.9,0.2,0.0,3,2,7,4,6,3,8,5,1,3,5,0,0,0,1,0,0
326,495623,0,0,1,7,1,0,0,1,1,0,0,0,0,0,1,11,1,0,0,0.0,0.2,0.5390964663,11,1,-1,0,-1,11,1,0,0,1,39,2,0.316227766,0.5746720229,0.4248529157,3.7416573868,0.0,0.5,0.5,2,2,8,3,8,6,14,7,1,4,7,0,0,0,1,0,0
327,1462846,0,2,1,1,0,0,0,1,0,0,0,0,0,0,0,5,0,0,0,0.7,0.0,1.1787175234,11,1,-1,0,0,11,1,1,0,1,99,3,0.3741657387,0.7695254521,0.3817066937,3.7416573868,0.1,0.3,0.2,2,3,4,2,9,4,8,8,2,7,9,0,1,0,0,0,0
328,830914,0,1,2,7,1,0,0,0,0,0,0,0,0,0,0,9,1,0,1,0.3,0.2,1.8328597873,9,1,1,0,1,11,1,0,2,1,33,3,0.3741657387,0.6692786298,0.3974921383,3.6055512755,0.8,0.2,0.6,1,1,9,2,7,1,13,1,1,2,5,0,1,0,0,0,0
329,204464,0,4,3,1,1,0,0,0,1,1,0,0,0,0,0,7,0,0,0,0.1,0.4,1.4428704031,7,1,-1,1,-1,0,1,0,2,1,28,2,0.4472135955,0.9483129867,0.4236744033,2.6457513111,0.8,0.7,0.4,2,2,5,5,9,1,9,2,1,0,7,0,1,1,0,1,0
330,1275932,0,4,1,11,0,0,0,0,0,1,0,0,0,0,0,2,0,0,0,0.9,0.3,-1.0,11,0,1,2,1,4,1,1,2,1,99,3,0.316227766,0.8552463277,0.3507135583,3.6055512755,0.9,0.4,0.4,3,4,8,4,9,1,11,7,0,1,7,0,1,1,0,1,1
331,1464989,0,5,3,11,0,0,0,0,0,0,0,0,0,0,0,12,1,0,0,0.9,0.1,0.6887488657,11,1,-1,0,-1,1,1,1,2,1,23,3,0.4472135955,0.7829801091,0.3307567082,3.6055512755,0.3,0.9,0.0,3,1,7,3,10,2,9,3,1,4,7,1,1,1,0,1,0
332,1049035,0,0,1,1,1,0,1,1,0,0,0,0,0,0,0,13,1,0,0,0.7,0.0,1.7291616466,7,1,-1,0,1,5,1,1,0,1,14,3,0.4,0.7362654255,0.3278719262,3.4641016151,0.5,0.0,0.6,4,3,9,5,11,2,8,4,0,3,6,0,1,0,0,0,0
333,382181,0,0,1,2,0,0,0,0,0,0,0,0,0,0,0,7,1,0,0,0.7,0.2,0.8692669325,11,1,-1,0,1,0,1,1,2,1,26,3,0.316227766,0.9014565807,0.3861346915,3.6055512755,0.9,0.7,0.4,3,2,8,1,7,4,10,4,0,1,7,0,0,1,1,0,0
334,240867,0,0,1,2,0,0,1,0,0,0,0,0,0,0,0,6,1,0,1,0.6,0.0,0.4756574398,10,1,-1,0,-1,3,0,0,0,1,57,1,0.316227766,0.9655855073,0.3834057903,2.8284271247,0.5,0.2,0.9,4,2,7,1,12,4,7,8,2,0,9,0,1,1,0,1,0
335,1391585,0,0,2,4,0,0,1,0,0,0,0,0,0,0,0,10,0,0,0,0.3,0.2,-1.0,11,1,-1,0,0,14,1,1,2,1,104,3,0.3994996871,0.6650203502,0.3304542328,3.7416573868,0.4,0.3,0.2,1,5,8,1,9,3,8,2,3,1,3,1,0,0,1,1,0
336,1242955,0,3,1,2,1,0,0,1,0,0,0,0,0,0,0,0,1,0,0,0.3,0.8,0.5868347297,7,1,-1,0,0,1,1,1,0,1,95,2,0.3741657387,0.7138245264,-1.0,3.1622776602,0.9,0.6,0.6,1,1,8,2,12,5,3,5,1,3,7,0,1,0,0,1,0
337,965981,0,1,1,4,0,0,0,0,0,0,0,0,0,0,0,0,1,0,0,0.6,0.3,0.8789197916,11,1,-1,0,0,0,1,0,2,1,69,1,0.4,0.5526046515,0.416533312,0.0,0.7,0.3,0.6,1,2,9,2,12,3,5,7,1,1,4,0,1,0,0,0,0
338,870852,0,0,1,1,1,0,0,0,0,0,0,0,0,0,0,4,0,1,0,0.7,0.7,0.5092887197,7,1,-1,0,-1,11,1,1,2,1,32,3,0.4242640687,0.590856641,0.3663331817,3.7416573868,0.6,0.4,0.9,1,3,6,3,9,1,10,5,4,2,8,0,1,1,0,1,1
339,861591,0,2,2,10,0,0,0,0,0,1,0,0,0,0,0,9,0,0,0,0.1,0.0,0.4847679857,10,1,-1,0,1,11,-1,1,2,1,103,2,0.3872983346,0.7511011201,0.3507135583,3.4641016151,0.6,0.7,0.0,2,0,9,3,9,3,8,6,1,3,6,0,1,0,0,0,0
340,662362,0,2,2,1,0,1,0,0,0,0,0,0,0,0,0,12,0,0,0,0.9,0.6,0.9826622004,7,0,0,9,-1,0,1,1,0,1,95,3,0.3741657387,0.9052532635,0.3674234614,2.6457513111,0.1,0.9,0.3,2,1,7,4,10,3,5,9,2,8,9,0,1,1,0,0,0
341,955936,0,5,2,5,1,0,1,0,0,0,0,0,0,0,0,13,1,0,1,0.7,0.6,0.6417748826,7,1,0,0,-1,7,1,1,1,1,99,2,0.4242640687,0.4957255306,0.307408523,3.3166247904,0.7,0.5,0.3,3,2,7,3,11,1,2,5,1,6,7,0,0,1,1,0,1
342,1256736,0,5,2,6,0,0,0,0,0,0,0,0,0,0,0,12,1,0,0,0.9,0.3,0.9987492178,10,1,-1,0,1,0,1,1,2,1,85,1,0.316227766,0.6653309622,0.3754996671,3.6055512755,0.3,0.4,0.7,3,3,6,3,10,3,10,6,0,1,7,0,1,1,0,1,0
343,280834,0,1,1,7,0,0,0,0,0,0,0,0,0,0,0,11,0,0,0,0.8,1.5,1.3964240044,7,1,0,0,-1,1,1,0,0,1,64,1,0.5656854249,0.9947693781,-1.0,2.8284271247,0.7,0.7,0.2,2,1,9,4,9,1,9,3,2,5,7,0,1,0,0,0,0
344,743938,0,0,1,7,0,0,0,1,0,0,0,0,0,0,0,6,0,0,0,0.2,0.9,1.1101801656,11,1,1,0,1,0,1,1,2,1,99,3,0.4472135955,0.7360689646,0.3887158345,3.4641016151,0.4,0.6,0.8,3,4,6,5,11,3,12,8,2,4,6,0,1,1,1,0,0
345,1349995,0,5,1,5,0,0,0,1,0,0,0,0,0,0,0,12,1,0,0,0.9,0.4,-1.0,11,1,-1,0,1,0,1,1,2,1,66,1,0.316227766,0.886015083,0.3848376281,0.0,0.3,0.1,0.2,3,2,5,5,8,5,10,6,0,7,13,1,1,0,0,0,0
346,464568,0,6,2,1,1,0,1,0,1,0,0,0,0,0,0,11,1,0,0,0.3,0.6,0.65,11,1,0,6,-1,11,1,1,2,0,92,3,0.316227766,0.8594660076,-1.0,2.2360679775,0.5,0.1,0.5,4,1,6,3,9,5,8,4,2,4,10,0,1,1,1,0,0
347,1292563,0,0,1,6,0,0,0,0,0,0,0,0,0,0,0,9,0,0,0,0.4,1.4,-1.0,7,1,0,0,0,10,1,1,1,1,104,3,0.316227766,0.7862453931,0.3003331484,2.8284271247,0.9,0.4,0.2,2,2,7,2,9,2,5,11,2,4,4,0,1,1,0,1,1
348,1285290,0,0,1,5,0,0,0,0,0,1,0,0,0,0,0,8,0,0,0,0.9,0.4,0.4465142775,11,0,-1,1,-1,6,1,1,2,1,64,2,0.3872983346,0.8490271535,0.3937003937,3.7416573868,0.9,0.5,0.1,4,2,9,4,8,3,9,5,4,2,10,1,1,0,1,1,0
349,779094,0,2,1,3,0,0,0,1,1,0,0,0,0,0,0,5,1,0,0,0.5,0.2,0.6509608283,11,1,-1,0,0,0,1,0,2,1,104,3,0.316227766,1.0075848712,0.4009987531,3.1622776602,0.3,0.4,0.0,1,3,9,4,11,2,5,4,1,4,7,0,0,0,0,0,0
350,314405,0,5,1,6,0,0,0,1,0,0,0,0,0,0,0,5,0,0,0,0.4,0.0,0.8638576272,9,1,-1,1,0,10,1,1,2,1,28,0,0.4,1.3965349682,0.3615245497,3.6055512755,0.1,0.0,0.0,3,2,10,2,11,2,8,4,2,6,8,0,0,1,1,0,0
351,669503,0,4,1,7,0,0,0,1,0,0,0,0,0,0,0,11,1,0,0,0.5,0.6,0.5153882032,11,0,-1,0,-1,1,1,1,2,1,46,2,0.316227766,0.5746720229,0.3615245497,2.6457513111,0.0,0.2,0.4,2,4,6,2,10,1,13,4,2,4,9,0,0,1,0,1,0
352,1227769,0,7,1,6,1,0,0,0,0,0,0,0,0,0,0,6,1,0,0,0.8,0.3,0.4789311015,9,1,-1,0,-1,0,1,1,2,1,12,1,0.4242640687,0.5544150368,0.4013726448,3.1622776602,0.1,0.4,0.9,2,3,7,3,8,2,6,6,0,2,7,0,1,0,0,1,0
353,368033,0,4,1,7,1,0,1,0,0,0,0,0,0,0,0,7,1,0,0,0.9,0.7,0.7305819598,7,1,-1,1,-1,1,1,0,2,1,62,3,0.4,0.9866044951,0.3926830783,2.8284271247,0.8,0.7,0.2,2,3,8,3,9,1,11,7,0,6,6,0,0,1,0,0,0
354,1045386,0,5,1,3,1,0,1,0,1,0,0,0,0,0,0,6,1,0,0,0.6,0.2,0.5782516753,6,1,0,0,1,14,1,1,2,1,64,3,0.4472135955,0.999018113,0.2,2.4494897428,0.0,0.2,0.2,4,0,7,0,9,2,4,5,1,4,7,0,1,1,1,0,0
355,1377821,0,2,2,4,0,0,1,0,0,0,0,0,0,0,0,12,0,0,0,0.9,0.4,0.4663689527,11,1,1,0,1,6,1,0,2,1,39,3,0.3741657387,0.9052532635,0.4415880433,2.6457513111,0.6,0.3,0.5,3,1,7,1,8,2,6,4,2,1,6,0,1,1,0,0,0
356,1314649,1,2,1,1,1,0,0,0,0,0,0,0,0,0,0,7,1,1,0,0.9,1.2,1.3610657589,7,0,1,0,-1,1,1,1,2,1,104,3,0.3741657387,0.8050845651,0.3307567082,3.6055512755,0.1,0.7,0.6,3,4,9,3,8,2,10,7,2,2,1,0,1,1,1,0,1
357,130967,0,5,2,10,0,0,0,0,0,1,0,0,0,0,0,8,1,0,0,0.8,0.2,0.5651327278,10,1,-1,0,-1,11,1,1,1,1,78,3,0.4469899328,0.9454763983,0.3248076354,3.4641016151,0.4,0.0,0.8,3,2,8,4,10,1,8,7,3,2,10,0,1,1,0,0,0
358,1107289,0,0,2,2,1,0,0,0,0,0,0,0,0,0,0,9,1,0,0,0.9,0.8,0.3561951712,11,1,-1,0,-1,11,1,1,2,1,72,3,0.3997499218,0.769230054,0.3615245497,2.6457513111,0.4,0.5,0.6,3,4,9,5,8,0,8,3,1,5,4,0,0,1,0,0,0
359,331273,0,0,2,5,1,0,1,0,0,0,0,0,0,0,0,0,0,0,0,0.4,0.3,0.5448623679,7,1,1,0,-1,14,1,1,2,1,64,1,0.316227766,0.6450222624,0.3674234614,3.0,0.2,0.7,0.9,3,2,9,2,9,2,16,9,2,2,4,0,0,0,0,0,0
360,823702,0,2,1,4,0,0,1,0,0,0,0,0,0,0,0,12,0,1,0,0.9,1.0,0.6892024376,10,1,0,0,0,10,1,1,2,1,27,1,0.316227766,1.0770905101,-1.0,3.3166247904,0.5,0.4,0.6,3,5,9,2,9,2,5,4,3,0,13,0,1,0,0,0,1
361,548628,0,4,1,2,0,0,0,1,0,1,0,0,0,0,0,7,1,1,1,0.8,0.6,0.6219927652,10,1,1,0,1,1,-1,1,2,1,104,1,0.316227766,1.1828736546,-1.0,3.4641016151,0.6,0.6,0.4,2,2,9,2,12,3,8,3,3,2,9,1,1,0,0,0,0
362,150965,0,1,1,4,0,0,0,0,0,1,0,0,0,0,0,5,1,0,0,0.0,0.2,-1.0,11,0,1,0,1,1,1,1,0,1,5,2,0.4,0.7918046132,0.4062019202,3.7416573868,0.5,0.2,0.2,2,1,8,3,10,2,11,6,2,2,5,0,0,1,0,0,1
363,71677,0,1,1,8,0,-1,0,0,0,1,0,0,0,0,0,12,1,0,0,0.1,0.8,0.775403121,11,0,1,0,-1,4,1,1,2,1,104,3,0.316227766,0.9044346666,0.4141255848,3.7416573868,0.9,0.2,0.0,1,2,6,5,8,2,10,4,0,1,10,0,1,1,0,0,0
364,972583,0,1,1,2,0,0,0,0,0,0,0,0,0,0,0,12,1,0,1,0.1,0.3,0.4394598958,7,0,1,0,0,0,0,1,2,1,67,3,0.4242640687,0.7091054777,0.4045985665,3.6055512755,0.2,0.0,0.8,1,1,9,4,9,1,6,6,0,1,6,0,1,0,1,0,1
365,157746,0,5,2,8,1,0,0,1,0,0,0,0,0,0,0,10,1,0,0,0.0,1.2,0.6437196595,9,0,0,0,-1,0,1,1,2,1,74,3,0.3741657387,0.9192163389,0.3507135583,2.6457513111,0.1,0.2,0.4,2,3,9,5,9,0,14,3,1,3,6,0,1,0,0,1,0
366,895465,0,1,1,8,0,0,1,0,0,0,0,0,0,0,0,9,0,0,0,0.9,0.3,1.1702029738,4,1,0,0,-1,11,1,1,0,1,95,3,0.4472135955,1.231087086,0.3292415527,3.6055512755,0.1,0.8,0.8,4,0,7,5,10,4,12,6,5,3,6,0,0,1,0,0,0
367,866902,0,4,2,3,0,0,0,0,0,1,0,0,0,0,0,11,1,1,0,0.0,0.1,0.8104782539,11,1,-1,1,-1,14,1,1,2,1,78,2,0.4,0.5606040131,-1.0,3.1622776602,0.3,0.3,0.8,3,0,8,3,10,3,5,6,4,3,8,1,0,1,0,0,0
368,1411001,0,1,1,6,0,0,0,1,0,0,0,0,0,0,0,7,1,0,0,0.5,0.1,0.7656696416,6,1,-1,0,1,9,1,0,0,1,22,3,0.316227766,0.7421211503,0.3754996671,3.1622776602,0.2,0.8,0.0,2,2,8,4,11,1,6,7,2,2,8,0,1,1,0,1,0
369,1025054,0,0,1,8,0,0,0,0,1,0,0,0,0,0,0,9,1,0,0,0.4,0.3,0.5739120142,8,0,-1,0,0,4,1,1,2,1,67,3,0.316227766,1.0496073646,0.3708099244,3.1622776602,0.0,0.6,0.8,3,0,8,4,10,3,5,6,1,1,8,0,1,0,0,0,0
370,767272,0,2,1,3,1,0,0,0,0,0,0,0,0,0,0,3,1,0,0,0.6,0.4,0.87535707,7,0,-1,0,0,14,0,0,0,1,91,3,0.3741657387,1.0887976726,0.3241913015,2.6457513111,0.2,0.0,0.9,4,2,7,5,8,5,12,6,0,3,8,0,1,0,0,0,1
371,898022,0,0,1,5,0,0,0,0,0,0,0,0,0,0,0,5,0,0,0,0.9,0.2,0.4987484336,11,1,-1,0,0,1,1,1,2,1,104,1,0.3983716857,0.68203027,0.4,3.4641016151,0.9,0.2,0.6,3,5,8,4,4,4,4,3,1,2,5,0,1,1,0,1,0
372,722676,0,5,1,5,0,0,1,0,0,0,0,0,0,0,0,11,1,0,0,0.9,0.8,1.1976539567,7,1,-1,0,1,10,1,1,2,1,64,3,0.316227766,1.030406022,0.3301514804,3.1622776602,0.3,0.1,0.6,2,1,6,3,9,2,11,5,3,5,8,0,0,1,0,0,0
373,299286,0,2,2,1,1,0,1,1,0,0,0,0,0,0,0,13,0,1,0,0.9,0.9,1.6708904812,11,1,-1,0,0,11,1,1,2,1,89,3,0.4,0.9310639963,0.3615245497,3.7416573868,0.8,0.1,0.1,4,1,9,5,8,3,9,6,0,5,7,1,1,1,0,0,0
374,439806,0,2,2,4,0,4,1,1,0,0,0,0,0,0,0,3,1,1,0,0.7,0.3,0.4486089611,11,1,-1,0,-1,1,1,1,2,1,32,3,0.316227766,0.698803582,0.3619392214,3.6055512755,0.5,0.5,0.3,1,3,8,1,7,1,7,4,1,4,9,0,1,1,0,0,0
375,1140504,0,0,1,5,1,3,0,0,0,0,0,0,0,0,0,6,0,0,0,0.6,0.0,1.5358222553,6,1,-1,0,0,17,1,1,2,1,82,3,0.316227766,0.6692786298,0.3663331817,3.0,0.4,0.9,0.3,3,0,8,4,8,1,8,10,3,3,10,1,1,1,0,1,1
376,118375,0,2,1,2,0,0,0,0,0,0,0,0,0,0,0,6,1,0,0,0.7,0.2,0.5916079783,7,0,1,0,0,11,1,1,0,1,25,3,0.3741657387,0.7140271078,0.393192065,3.3166247904,0.1,0.3,0.4,1,1,8,2,10,2,4,5,1,1,5,0,1,0,0,0,0
377,1033535,0,1,1,1,1,0,0,1,0,0,0,0,0,0,0,3,1,1,0,0.9,0.3,1.0793516572,7,1,-1,0,-1,0,1,1,0,1,104,3,0.316227766,1.0392702462,0.3504283094,2.2360679775,0.2,0.3,0.9,4,4,4,1,9,3,7,5,2,4,9,1,1,0,0,1,0
378,485000,0,6,2,8,1,0,0,1,0,0,0,0,0,0,0,6,1,0,0,0.6,0.6,-1.0,11,1,-1,8,-1,0,1,1,2,0,50,3,0.4242640687,0.8035175766,-1.0,3.1622776602,0.9,0.2,0.1,4,0,8,3,12,3,9,9,1,5,5,0,1,1,1,0,0
379,471617,0,1,1,3,1,0,0,1,0,0,0,0,0,0,0,3,0,0,0,0.9,0.4,0.6694213919,7,0,-1,2,1,15,1,1,2,1,16,3,0.4,1.2884579803,0.3612478374,3.4641016151,0.3,0.2,0.9,5,1,9,2,9,2,1,2,0,0,9,0,1,0,0,0,0
380,10131,0,0,2,2,1,0,0,0,0,0,0,0,0,0,0,12,1,0,0,0.8,1.1,0.5505678886,11,1,-1,1,1,13,1,0,1,1,95,1,0.423792402,0.778985354,0.3615245497,3.1622776602,0.5,0.4,0.5,4,3,8,4,12,4,5,7,2,3,10,0,1,0,0,0,0
381,1210199,0,1,1,3,1,0,1,1,0,0,0,0,0,0,0,11,0,0,0,0.7,0.2,0.7745966692,8,0,-1,0,0,1,1,1,2,1,80,3,0.3741657387,0.6872210178,0.4043513324,3.1622776602,0.6,0.2,0.3,3,1,8,2,8,2,11,4,0,5,5,0,1,1,0,1,0
382,47709,0,2,1,2,1,4,1,0,0,0,0,0,0,0,0,13,1,0,0,0.7,0.0,0.4,7,0,1,0,-1,11,1,0,2,1,104,2,0.3160696126,1.1392146055,0.3943348831,3.4641016151,0.4,0.2,0.8,3,1,9,0,9,4,12,9,3,3,10,0,1,0,0,0,1
383,265406,0,1,1,0,1,0,0,1,0,0,0,0,0,0,0,7,1,0,0,0.1,1.2,1.3264143395,4,1,-1,0,1,0,1,1,0,1,104,3,0.316227766,0.6776996824,0.3306055051,3.7416573868,0.0,0.0,0.6,4,2,10,1,9,2,7,5,5,9,8,0,0,1,0,0,0
384,355726,0,0,1,2,1,0,0,1,0,0,0,0,0,0,0,13,1,0,0,0.7,0.7,0.6800735254,4,1,-1,0,-1,11,1,1,2,1,28,3,0.4242640687,0.8492947974,-1.0,1.7320508076,0.6,0.9,0.0,1,3,9,4,8,3,15,4,1,2,5,0,0,0,1,1,0
385,1324535,0,0,2,5,1,0,0,0,0,1,0,0,0,0,0,9,1,1,1,0.7,0.0,1.5461646096,7,1,-1,1,-1,10,1,1,2,1,104,3,0.316227766,1.0398366846,0.3651027253,2.6457513111,0.7,0.3,0.4,1,2,9,2,12,0,9,4,4,3,15,0,0,1,0,0,0
386,50299,0,5,1,6,1,0,1,0,0,0,0,0,0,0,0,7,1,0,0,0.8,0.1,0.5550900828,11,0,0,0,-1,11,1,1,2,1,31,3,0.4,0.7102845431,0.3591656999,2.8284271247,0.8,0.3,0.7,1,1,9,2,9,3,8,6,1,4,6,0,1,1,0,0,0
387,335199,0,1,2,8,1,0,1,0,0,0,0,0,0,0,0,4,0,0,1,0.1,0.2,1.0350120772,6,0,0,0,-1,0,1,1,0,1,55,1,0.4242640687,0.5575922264,0.3748332963,3.4641016151,0.8,0.0,0.5,3,3,6,3,9,4,4,2,1,7,7,0,0,0,0,0,0
388,736591,0,5,1,2,0,0,0,1,0,0,0,0,0,0,0,12,0,0,0,0.6,0.7,0.9344115796,11,1,-1,0,-1,0,1,1,0,1,92,3,0.316227766,0.6083781447,0.3704051835,3.3166247904,0.4,0.0,0.8,2,0,8,4,10,1,12,3,1,4,8,0,1,1,1,1,0
389,318297,0,0,1,0,1,0,1,1,0,0,0,0,0,0,0,0,0,0,0,0.1,0.6,0.7520804478,7,1,1,8,-1,0,0,1,0,1,103,3,0.4472135955,0.7237000315,0.3033150178,3.7416573868,0.4,0.4,0.0,2,2,6,1,8,3,5,6,2,6,5,1,1,1,0,1,0
390,1005124,0,1,1,1,0,0,1,0,0,1,0,0,0,0,0,13,1,0,1,0.1,0.2,0.6398241946,11,1,-1,0,-1,1,0,0,0,1,78,3,0.4472135955,1.0179707573,0.3667424164,3.6055512755,0.5,0.5,0.3,5,3,9,3,8,4,9,7,3,1,10,0,1,1,1,0,0
391,1119986,0,1,1,5,0,0,0,0,0,1,0,0,0,0,0,2,1,0,0,0.8,0.3,0.7483314774,7,1,-1,0,1,10,1,1,2,1,104,3,0.3741657387,0.6930737621,0.3685105155,3.3166247904,0.3,0.0,0.6,3,2,9,1,11,3,10,7,1,8,8,0,1,0,0,0,0
392,1177842,0,0,1,5,1,0,0,1,0,1,0,0,0,0,0,8,1,0,1,0.9,0.2,0.6128825336,11,1,-1,0,1,1,1,1,2,1,98,2,0.4,1.7400840675,0.3937003937,2.8284271247,0.5,0.0,0.3,4,3,8,2,10,4,12,1,0,0,7,1,1,1,1,0,0
393,930135,0,0,1,9,0,0,0,0,0,0,0,0,0,0,0,1,1,0,0,0.3,0.7,-1.0,11,1,1,0,0,11,1,1,0,1,65,2,0.316227766,0.6293115745,0.3817066937,3.6055512755,0.4,0.6,0.5,4,1,8,5,5,2,14,7,2,2,10,0,1,0,0,0,0
394,1108583,0,1,1,3,0,0,0,0,1,0,0,0,0,0,0,0,1,0,0,0.9,1.5,0.5578978401,7,1,1,0,0,1,1,1,2,1,104,3,0.4472135955,0.8962386968,0.32,2.0,0.7,0.3,0.9,5,1,7,1,11,1,5,8,0,0,11,0,1,0,0,1,0
395,1001250,0,2,1,5,0,0,0,0,0,0,0,0,0,0,0,11,1,1,0,0.1,0.2,1.1685995893,7,1,-1,0,1,1,1,1,2,1,78,2,0.6,1.1441099612,0.4878524367,2.8284271247,0.1,0.9,0.8,2,3,9,1,11,1,9,6,1,2,10,0,1,0,0,0,0
396,470884,0,1,1,3,1,0,0,0,0,1,0,0,0,0,0,11,0,1,0,0.1,0.5,0.6923691212,7,1,0,0,0,1,1,0,0,1,5,2,0.4472135955,1.0182325474,0.3376388603,3.4641016151,0.5,0.6,0.0,3,2,8,5,10,5,9,3,2,5,13,0,0,1,0,1,0
397,1352617,0,1,3,4,1,1,0,1,0,0,0,0,0,0,0,2,1,0,0,0.2,0.5,1.2262748468,8,0,1,0,0,11,1,1,2,1,99,3,0.3152776554,0.5511070751,0.3848376281,3.0,0.9,0.2,0.4,3,1,8,3,8,2,6,3,1,2,6,0,1,0,0,0,0
398,643023,0,7,1,6,0,0,0,1,0,0,0,0,0,0,0,5,1,1,0,0.2,0.1,-1.0,4,1,-1,0,1,0,1,1,0,1,104,3,0.4,0.8407862318,0.354964787,3.4641016151,0.7,0.3,0.9,2,2,7,3,7,3,8,4,3,3,4,0,0,0,1,1,1
399,1431086,0,4,2,8,1,0,1,0,0,1,0,0,0,0,0,12,1,0,0,0.1,0.1,1.0656570743,7,0,-1,0,-1,10,1,1,1,1,104,3,0.3741657387,0.7974002179,-1.0,2.6457513111,0.3,0.1,0.1,2,1,7,2,9,2,8,8,2,2,9,0,1,1,0,0,0
